block_id,no_items,worth_week1,worth_week2,worth_week3
2443,6,52832.0,21284.0,20878.0
1412,5,44139.0,28017.0,22132.0
2128,6,43059.0,31673.0,20257.0
812,8,24390.0,25711.0,24485.0
1580,8,24222.0,32130.0,35780.0
358,7,24021.0,22366.0,15937.0
1143,10,23042.0,21018.0,17731.0
726,10,22796.0,21850.0,17850.0
1521,8,22157.0,18709.0,16513.0
2037,4,21899.0,23479.0,19040.0
1546,6,21763.0,22453.0,22030.0
2321,5,21421.0,14791.0,9233.0
861,4,21213.0,6604.0,6451.0
63,7,20634.0,21917.0,18996.0
560,8,20618.0,11745.0,7465.0
839,7,20051.0,10929.0,8954.0
388,8,19634.0,25242.0,20135.0
1121,10,19236.0,12074.0,9659.0
487,8,18077.0,36402.0,22209.0
1850,1,18034.0,13788.0,6196.0
2223,10,17892.0,13220.0,7912.0
553,8,17447.0,16641.0,25349.0
2574,10,17353.0,16316.0,12594.0
2254,4,16734.0,14680.0,16437.0
2306,3,15878.0,13439.0,10662.0
442,10,15419.0,9672.0,6416.0
773,10,15103.0,10965.0,8390.0
1869,9,15025.0,12573.0,7282.0
2159,5,14971.0,12125.0,7938.0
387,8,14752.0,15163.0,8368.0
301,8,14711.0,7885.0,6143.0
314,10,14610.0,16311.0,12964.0
96,1,14524.0,12292.0,8711.0
2478,10,14404.0,13342.0,12808.0
1097,9,14329.0,14407.0,12735.0
2010,6,14280.0,9360.0,7470.0
505,10,14133.0,8238.0,7770.0
846,8,14079.0,12276.0,13525.0
2671,8,14022.0,20468.0,24682.0
2335,2,13990.0,13626.0,18500.0
2488,9,13989.0,11648.0,8001.0
2503,4,13927.0,10263.0,7220.0
2233,8,13693.0,13576.0,11418.0
1879,9,13583.0,13232.0,13388.0
851,10,13464.0,8276.0,6863.0
2449,6,13374.0,4932.0,4855.0
1403,10,13286.0,10268.0,8168.0
1524,8,13136.0,9858.0,7780.0
2145,10,12950.0,9511.0,7706.0
2359,1,12692.0,10745.0,8409.0
2048,9,12646.0,9167.0,8794.0
2649,6,12616.0,17079.0,15505.0
9,6,12547.0,9949.0,6436.0
2026,7,12500.0,13166.0,6248.0
1022,7,12438.0,10462.0,10216.0
2246,7,12355.0,13592.0,13419.0
962,10,12290.0,12281.0,17980.0
1473,6,12281.0,11657.0,8519.0
2456,5,12276.0,11678.0,8172.0
2290,10,12251.0,11474.0,10156.0
428,9,12060.0,15860.0,12023.0
1971,9,12056.0,9961.0,8764.0
1747,10,11920.0,9940.0,11050.0
1477,10,11916.0,11494.0,8243.0
1668,5,11894.0,12992.0,10053.0
2268,10,11720.0,17666.0,16282.0
1476,10,11603.0,8975.0,5957.0
1710,10,11393.0,8004.0,7468.0
498,10,11212.0,19229.0,20897.0
2571,10,11203.0,15744.0,11545.0
1551,5,11200.0,15777.0,15788.0
294,7,11070.0,14467.0,13115.0
1221,9,11057.0,10879.0,10808.0
1679,4,10894.0,12443.0,14404.0
2303,10,10884.0,9362.0,8632.0
2527,9,10847.0,9604.0,15326.0
990,9,10846.0,8067.0,5466.0
2446,6,10798.0,9600.0,8283.0
1572,6,10752.0,8075.0,6573.0
1124,9,10615.0,37558.0,8874.0
1650,4,10601.0,9376.0,7083.0
1840,9,10502.0,5423.0,5882.0
1441,8,10462.0,6778.0,6454.0
2481,5,10316.0,11117.0,15614.0
1950,10,10256.0,11704.0,4229.0
24,8,10226.0,11270.0,11402.0
1495,10,10196.0,8484.0,7599.0
2666,10,10180.0,10396.0,9582.0
1347,10,10141.0,10021.0,5915.0
1534,10,10075.0,6738.0,4680.0
68,10,9994.0,7566.0,6630.0
1554,10,9968.0,7452.0,11417.0
1,7,9964.0,8393.0,8625.0
1256,7,9960.0,11419.0,4756.0
2389,8,9918.0,8800.0,8749.0
2410,6,9907.0,9687.0,6602.0
303,7,9879.0,8564.0,7139.0
2058,8,9840.0,10126.0,7606.0
2676,7,9816.0,6103.0,5690.0
137,8,9773.0,9794.0,14080.0
2004,10,9756.0,13759.0,10642.0
2735,10,9750.0,9422.0,5518.0
2433,9,9703.0,23342.0,14194.0
2056,3,9697.0,7576.0,6165.0
173,10,9596.0,9925.0,7210.0
2734,9,9560.0,9426.0,14289.0
118,3,9556.0,6749.0,4862.0
2106,8,9519.0,17111.0,4802.0
711,8,9512.0,7543.0,4315.0
2555,8,9451.0,7423.0,6906.0
1474,7,9420.0,28061.0,14224.0
1103,8,9392.0,6718.0,4784.0
1105,5,9381.0,7554.0,6362.0
1964,9,9311.0,7687.0,9433.0
1283,9,9307.0,6483.0,6936.0
2312,8,9245.0,8295.0,8515.0
2510,9,9228.0,8520.0,7441.0
651,9,9211.0,7292.0,4972.0
501,10,9197.0,9412.0,8338.0
2269,8,9168.0,6732.0,5928.0
1575,10,9155.0,7281.0,5062.0
1080,4,9151.0,8706.0,6555.0
2706,10,9121.0,12880.0,9833.0
2749,6,9091.0,7973.0,4926.0
1458,6,9089.0,7764.0,5979.0
2344,10,9077.0,8507.0,5584.0
1422,8,9041.0,8430.0,7738.0
1756,6,9016.0,8724.0,6218.0
1768,6,9014.0,8032.0,9318.0
716,8,8981.0,24889.0,9124.0
242,8,8893.0,16199.0,23915.0
2187,10,8844.0,6440.0,12218.0
1446,10,8814.0,11735.0,7177.0
2000,5,8791.0,7112.0,5921.0
530,10,8765.0,7394.0,4101.0
344,8,8749.0,7694.0,8796.0
2331,7,8668.0,13154.0,5484.0
2289,10,8648.0,7450.0,7666.0
1632,8,8601.0,7474.0,7587.0
2207,10,8591.0,9682.0,8012.0
2665,10,8587.0,10873.0,8302.0
2356,10,8586.0,10778.0,11269.0
1826,10,8487.0,8189.0,6322.0
2115,10,8486.0,6192.0,4178.0
1393,10,8477.0,7162.0,6075.0
1438,9,8462.0,12694.0,6483.0
341,8,8446.0,8563.0,7107.0
399,4,8429.0,4976.0,2471.0
1073,10,8372.0,8238.0,7140.0
2656,9,8367.0,6851.0,5058.0
2364,7,8353.0,12288.0,7383.0
2717,6,8334.0,9394.0,5983.0
2754,8,8327.0,7044.0,5515.0
2514,7,8326.0,7832.0,5842.0
2005,6,8307.0,7412.0,6169.0
1274,9,8306.0,10147.0,6799.0
2123,8,8256.0,6840.0,8282.0
2593,7,8243.0,9434.0,7206.0
2523,10,8236.0,10430.0,11888.0
184,10,8208.0,6502.0,5801.0
1212,9,8197.0,7407.0,6605.0
2028,9,8179.0,7447.0,7983.0
1260,5,8172.0,7109.0,5661.0
2613,10,8166.0,6980.0,5378.0
1183,9,8155.0,7306.0,7436.0
2133,8,8150.0,7329.0,6550.0
2607,5,8142.0,10796.0,11188.0
1797,7,8140.0,6289.0,4751.0
2770,4,8052.0,10864.0,8483.0
194,10,8029.0,6724.0,5830.0
1179,4,8017.0,7267.0,4321.0
2578,5,7977.0,6874.0,6168.0
677,7,7972.0,9605.0,8993.0
32,7,7969.0,5633.0,4225.0
2566,6,7953.0,8717.0,9599.0
2646,8,7941.0,5230.0,4484.0
1033,9,7870.0,7390.0,10004.0
617,5,7845.0,6357.0,3344.0
933,9,7765.0,6579.0,5167.0
1994,10,7753.0,7280.0,6537.0
2511,9,7721.0,6893.0,4506.0
1719,7,7715.0,5994.0,6311.0
2314,7,7634.0,5013.0,4503.0
1738,7,7617.0,24737.0,15041.0
1954,8,7617.0,6153.0,5929.0
2582,8,7614.0,8598.0,8422.0
2195,9,7606.0,8195.0,8198.0
2526,10,7603.0,7071.0,7168.0
786,9,7595.0,7359.0,5161.0
1361,8,7593.0,5974.0,4359.0
1489,7,7586.0,7436.0,6797.0
2590,5,7582.0,6853.0,5345.0
1678,8,7581.0,11633.0,5858.0
1408,8,7580.0,4782.0,3018.0
2543,9,7550.0,13194.0,13458.0
2300,10,7499.0,6657.0,6306.0
1331,10,7498.0,6337.0,8280.0
590,3,7445.0,5845.0,5138.0
226,7,7440.0,9283.0,9955.0
569,10,7434.0,26130.0,31482.0
1830,10,7429.0,10141.0,4879.0
1051,10,7395.0,5429.0,3106.0
2700,6,7395.0,8577.0,6755.0
439,1,7393.0,3736.0,2837.0
2149,4,7389.0,6767.0,4584.0
1753,5,7357.0,7159.0,12723.0
1593,5,7356.0,5960.0,6239.0
315,8,7356.0,6796.0,3020.0
2082,9,7330.0,8626.0,21433.0
1562,7,7330.0,11271.0,6876.0
1418,6,7326.0,6076.0,4856.0
2519,5,7325.0,6286.0,6582.0
941,10,7317.0,14282.0,15222.0
1989,7,7294.0,7867.0,5905.0
2597,9,7280.0,6325.0,5249.0
938,7,7272.0,8052.0,10519.0
1836,5,7272.0,9086.0,7562.0
546,9,7259.0,6086.0,3732.0
2320,5,7258.0,7546.0,5679.0
2625,5,7251.0,7349.0,6980.0
2163,9,7245.0,22287.0,20056.0
216,7,7240.0,8162.0,7282.0
985,3,7239.0,5319.0,4333.0
2635,7,7238.0,5877.0,3481.0
2387,10,7225.0,7412.0,8183.0
367,5,7220.0,5844.0,5378.0
2764,4,7218.0,5516.0,5380.0
1369,7,7213.0,8401.0,7314.0
207,10,7200.0,14560.0,11157.0
918,9,7174.0,5630.0,4844.0
1577,8,7171.0,8121.0,4310.0
478,10,7168.0,6949.0,5590.0
616,6,7151.0,8883.0,9718.0
1027,8,7144.0,4563.0,3303.0
489,5,7141.0,6959.0,4363.0
993,5,7135.0,5877.0,4125.0
606,8,7122.0,5322.0,4370.0
1356,9,7118.0,4870.0,4524.0
2674,4,7117.0,6337.0,5909.0
676,6,7107.0,4643.0,3561.0
2558,7,7105.0,8032.0,7949.0
2183,9,7102.0,6629.0,6237.0
893,2,7093.0,5535.0,4277.0
2316,10,7075.0,6450.0,5001.0
2701,9,7068.0,9090.0,8054.0
1857,9,7043.0,6679.0,6257.0
2299,4,7028.0,6104.0,4175.0
2276,8,7024.0,6556.0,5274.0
1469,9,7020.0,8245.0,7109.0
2522,9,6999.0,5365.0,5253.0
1875,3,6993.0,6278.0,5299.0
858,6,6992.0,9888.0,19151.0
1133,6,6980.0,6142.0,6347.0
2367,5,6970.0,6995.0,6091.0
2773,9,6954.0,5873.0,4722.0
2282,6,6951.0,7572.0,7208.0
2595,9,6949.0,6274.0,5934.0
2104,7,6919.0,6141.0,4645.0
108,7,6910.0,16034.0,5477.0
2035,9,6902.0,6997.0,6556.0
2705,8,6867.0,4952.0,3835.0
1874,9,6867.0,21886.0,11057.0
2405,10,6867.0,7793.0,9131.0
2618,4,6866.0,5830.0,4574.0
1002,7,6859.0,5052.0,3882.0
2632,9,6850.0,8081.0,5783.0
2579,3,6849.0,8022.0,5641.0
2155,9,6817.0,5502.0,5418.0
2611,10,6790.0,10733.0,7240.0
2189,5,6770.0,7448.0,6739.0
1677,9,6769.0,6131.0,6137.0
1728,10,6751.0,5811.0,4965.0
2298,8,6744.0,9575.0,8921.0
267,8,6705.0,6047.0,3680.0
2772,4,6699.0,6636.0,6471.0
1433,6,6688.0,1602.0,1705.0
1938,4,6673.0,8866.0,3515.0
2423,10,6673.0,6235.0,5578.0
2173,6,6655.0,8917.0,7799.0
1125,3,6626.0,6072.0,4232.0
1553,9,6614.0,5288.0,3772.0
1929,8,6612.0,4319.0,3542.0
2009,10,6601.0,5828.0,6434.0
2722,9,6601.0,6603.0,6743.0
2178,9,6595.0,5674.0,5147.0
2315,7,6569.0,6365.0,5198.0
631,7,6560.0,7604.0,11610.0
2032,8,6559.0,5313.0,7192.0
1973,9,6541.0,5726.0,5112.0
1344,9,6535.0,5976.0,5123.0
1054,10,6530.0,6488.0,5367.0
2278,7,6526.0,6147.0,5780.0
2194,6,6521.0,5836.0,6905.0
1493,10,6513.0,7710.0,5603.0
2390,7,6509.0,6343.0,5313.0
1918,10,6495.0,4480.0,4367.0
2583,10,6494.0,16616.0,10366.0
1750,8,6479.0,44280.0,20447.0
1784,8,6452.0,8144.0,4234.0
2206,4,6436.0,5917.0,4516.0
666,8,6434.0,5606.0,4157.0
2068,3,6423.0,5008.0,4935.0
2362,2,6402.0,6143.0,6467.0
2252,9,6400.0,6204.0,4856.0
845,9,6384.0,4360.0,3885.0
1062,7,6380.0,9699.0,5371.0
1407,8,6369.0,5910.0,5617.0
2610,10,6349.0,5139.0,4282.0
1425,7,6344.0,6191.0,5192.0
1691,10,6328.0,17960.0,3586.0
1237,4,6324.0,5495.0,5950.0
1453,8,6319.0,8899.0,10287.0
2152,5,6308.0,7095.0,5672.0
2019,9,6306.0,4612.0,4130.0
1280,10,6302.0,4397.0,3577.0
1104,3,6294.0,5048.0,3491.0
2160,6,6285.0,6475.0,4987.0
1988,6,6283.0,4596.0,4083.0
453,9,6254.0,4644.0,4896.0
669,6,6246.0,6327.0,4153.0
992,7,6238.0,4574.0,3099.0
1127,6,6238.0,5540.0,8169.0
60,9,6235.0,9154.0,10163.0
1211,9,6230.0,6148.0,5559.0
1736,4,6222.0,6216.0,5907.0
2215,7,6221.0,3979.0,3284.0
2220,5,6221.0,5066.0,4112.0
2054,7,6220.0,6970.0,4321.0
2614,10,6149.0,5749.0,7194.0
1820,8,6136.0,5120.0,4147.0
2482,10,6126.0,8747.0,8619.0
2417,8,6120.0,6497.0,7365.0
2150,3,6107.0,5247.0,4508.0
969,8,6096.0,5638.0,5641.0
2518,7,6088.0,6526.0,6611.0
2758,2,6076.0,6974.0,8670.0
2370,9,6074.0,6382.0,5027.0
91,10,6073.0,6060.0,3467.0
1606,10,6073.0,5932.0,5211.0
1318,10,6070.0,12369.0,6148.0
897,3,6060.0,5451.0,3384.0
1652,5,6059.0,7573.0,17946.0
2171,4,6054.0,4048.0,3447.0
978,10,6051.0,6517.0,5615.0
84,8,6021.0,5719.0,5836.0
366,10,6021.0,8543.0,5873.0
333,6,6011.0,5134.0,5371.0
1000,5,6010.0,5566.0,4798.0
1255,8,6005.0,4760.0,3933.0
1731,10,5999.0,5275.0,2711.0
1903,8,5974.0,5090.0,5112.0
2432,9,5968.0,14515.0,10656.0
828,4,5957.0,5557.0,4818.0
2038,7,5956.0,5445.0,6031.0
658,10,5955.0,4922.0,4833.0
1059,8,5952.0,5249.0,4623.0
549,10,5950.0,7873.0,5393.0
522,8,5938.0,4240.0,3552.0
2354,7,5929.0,4971.0,4951.0
1579,6,5923.0,4580.0,4021.0
2763,5,5910.0,5440.0,4451.0
1511,5,5909.0,5514.0,3406.0
1935,10,5892.0,4714.0,4141.0
2680,8,5882.0,5365.0,3741.0
1729,7,5879.0,4274.0,3862.0
736,9,5868.0,4121.0,4731.0
2208,5,5861.0,23199.0,26119.0
1685,8,5851.0,6345.0,8432.0
2739,3,5844.0,6763.0,7881.0
21,10,5831.0,2989.0,2242.0
2647,10,5826.0,6016.0,7094.0
2181,4,5817.0,5148.0,5045.0
1672,7,5815.0,6749.0,4459.0
2548,5,5805.0,6712.0,3836.0
1732,7,5796.0,6206.0,4428.0
2240,8,5795.0,5403.0,5647.0
1965,9,5792.0,6692.0,4566.0
1389,7,5791.0,5141.0,8893.0
2224,7,5778.0,5308.0,5450.0
996,6,5773.0,5893.0,4109.0
1664,7,5772.0,7640.0,4723.0
2760,9,5769.0,7130.0,6966.0
2087,10,5762.0,4844.0,4806.0
784,6,5762.0,6126.0,4501.0
2727,6,5758.0,9590.0,6681.0
2222,5,5750.0,5106.0,5001.0
1683,10,5745.0,5926.0,3890.0
2728,10,5737.0,5491.0,5750.0
2493,1,5711.0,5348.0,4725.0
507,5,5707.0,5302.0,3821.0
2243,9,5681.0,4296.0,3630.0
976,10,5679.0,6374.0,2453.0
1880,7,5679.0,4482.0,5374.0
1589,7,5676.0,9526.0,6115.0
2695,8,5654.0,6473.0,5388.0
1746,9,5633.0,5525.0,4591.0
2497,4,5625.0,5064.0,4744.0
2600,7,5624.0,6130.0,5540.0
2708,9,5623.0,6268.0,4255.0
1251,5,5620.0,5479.0,4802.0
1157,7,5616.0,7207.0,6681.0
1479,9,5615.0,5608.0,4028.0
1050,9,5612.0,6092.0,6403.0
2109,8,5612.0,5678.0,4847.0
393,2,5609.0,5012.0,4208.0
1543,8,5606.0,4711.0,3562.0
554,10,5603.0,6592.0,5973.0
2386,10,5587.0,5224.0,4858.0
1016,1,5578.0,4605.0,4413.0
1666,10,5573.0,4422.0,4042.0
2374,10,5562.0,4968.0,4659.0
427,3,5553.0,3711.0,1484.0
1258,6,5538.0,5667.0,5895.0
2742,9,5537.0,4777.0,4264.0
2176,10,5534.0,13994.0,4076.0
320,10,5524.0,5641.0,5933.0
532,8,5523.0,21538.0,7465.0
1633,7,5521.0,6842.0,6865.0
2504,4,5516.0,5596.0,4838.0
2556,4,5509.0,6606.0,7244.0
1763,5,5508.0,5545.0,4137.0
1463,10,5507.0,7884.0,5883.0
457,9,5506.0,5825.0,3442.0
1070,9,5503.0,5052.0,3516.0
1671,7,5498.0,13683.0,7270.0
2136,7,5493.0,4997.0,7572.0
1888,8,5489.0,7019.0,9537.0
1378,8,5488.0,4703.0,4350.0
2425,10,5488.0,11733.0,6369.0
1860,7,5487.0,5007.0,4048.0
795,5,5483.0,4436.0,4407.0
1771,8,5483.0,5173.0,4236.0
1932,9,5483.0,5394.0,4422.0
2659,8,5466.0,8203.0,8459.0
1460,8,5465.0,17824.0,9080.0
1188,10,5464.0,5759.0,5316.0
1695,4,5461.0,4092.0,3927.0
2636,9,5455.0,5622.0,4414.0
847,7,5453.0,4839.0,6825.0
1405,9,5444.0,5653.0,5505.0
879,7,5436.0,5626.0,1877.0
42,6,5427.0,5956.0,4311.0
1076,6,5416.0,10846.0,13107.0
841,10,5414.0,5908.0,5515.0
1164,8,5412.0,4020.0,2776.0
806,6,5397.0,10142.0,7048.0
1614,9,5385.0,4495.0,3561.0
1975,6,5374.0,5340.0,3512.0
2679,5,5369.0,4674.0,3709.0
1296,6,5369.0,5522.0,2885.0
1268,9,5369.0,4024.0,3748.0
1313,8,5365.0,5917.0,3951.0
2045,6,5362.0,4435.0,2985.0
1829,9,5362.0,3269.0,3532.0
2070,8,5356.0,5628.0,6258.0
2464,8,5328.0,5069.0,3951.0
2442,4,5327.0,4521.0,4840.0
386,6,5321.0,5582.0,5022.0
2535,8,5315.0,3787.0,3641.0
2039,9,5312.0,4587.0,3974.0
2261,9,5305.0,5414.0,5051.0
1625,9,5298.0,5653.0,5141.0
1214,5,5297.0,5412.0,2591.0
1854,6,5289.0,4858.0,3649.0
671,10,5285.0,4805.0,4466.0
2077,9,5263.0,4430.0,4374.0
2092,2,5263.0,5543.0,5418.0
937,4,5252.0,4558.0,3391.0
2689,4,5241.0,4475.0,3215.0
150,4,5240.0,5612.0,5562.0
1641,2,5236.0,4193.0,1785.0
504,8,5232.0,4132.0,4855.0
2098,10,5229.0,5344.0,4557.0
2061,6,5209.0,3636.0,3870.0
1186,10,5208.0,4997.0,4066.0
654,7,5208.0,5481.0,4629.0
2245,6,5208.0,3914.0,3550.0
1069,4,5199.0,3542.0,2723.0
2500,5,5199.0,12121.0,6246.0
1917,9,5198.0,6466.0,4579.0
1980,2,5198.0,5058.0,4218.0
1946,2,5177.0,5006.0,3635.0
2601,8,5176.0,8462.0,6639.0
2691,6,5170.0,4453.0,3755.0
1588,6,5168.0,4937.0,2383.0
2131,7,5165.0,4896.0,4267.0
2621,9,5154.0,5331.0,4142.0
2741,9,5148.0,4456.0,4601.0
2531,10,5144.0,4660.0,3747.0
708,10,5141.0,5765.0,4198.0
1155,10,5136.0,4614.0,5364.0
1100,6,5134.0,3691.0,4664.0
2505,3,5102.0,5242.0,5781.0
2515,5,5082.0,4536.0,6442.0
2113,9,5075.0,8961.0,6107.0
474,1,5072.0,4572.0,2273.0
2685,1,5069.0,3430.0,3281.0
748,10,5062.0,3457.0,3856.0
2114,8,5059.0,4301.0,3254.0
1177,8,5058.0,4989.0,1864.0
2310,5,5057.0,4909.0,4652.0
1866,5,5046.0,3970.0,3370.0
2339,10,5035.0,5073.0,3867.0
562,6,5029.0,7166.0,4678.0
1367,10,5028.0,5398.0,5456.0
1527,9,5027.0,4050.0,6056.0
2673,3,5019.0,4061.0,3272.0
1794,10,5018.0,3250.0,3096.0
2616,5,5010.0,4319.0,4084.0
2257,10,5004.0,5192.0,3598.0
508,6,4997.0,6055.0,2759.0
2737,10,4992.0,4297.0,3997.0
1443,4,4991.0,4897.0,3979.0
2660,7,4988.0,11005.0,8267.0
2565,7,4986.0,4324.0,4241.0
2014,8,4978.0,7801.0,6202.0
82,10,4978.0,2939.0,2704.0
2663,6,4975.0,8160.0,4938.0
482,6,4974.0,3796.0,3327.0
2419,9,4972.0,5446.0,4660.0
1309,10,4970.0,6934.0,6361.0
2630,9,4967.0,4194.0,3941.0
860,3,4954.0,3429.0,2702.0
2765,5,4951.0,4292.0,3843.0
640,9,4943.0,5303.0,5371.0
2088,9,4943.0,4384.0,3047.0
2626,9,4941.0,6038.0,4162.0
1247,9,4939.0,4089.0,3952.0
2693,10,4938.0,5225.0,4586.0
2391,4,4934.0,16227.0,8464.0
65,5,4933.0,3251.0,2943.0
2112,5,4925.0,5500.0,6555.0
2650,7,4922.0,4613.0,4442.0
1539,10,4911.0,9872.0,10312.0
1835,8,4905.0,5168.0,3641.0
704,10,4901.0,3584.0,2749.0
1669,8,4894.0,3961.0,2699.0
1631,7,4892.0,4257.0,3787.0
2062,10,4891.0,5606.0,4420.0
2430,5,4883.0,4894.0,3954.0
2687,9,4880.0,4742.0,3903.0
1911,4,4877.0,12732.0,3200.0
779,7,4873.0,7402.0,7952.0
2575,5,4866.0,4739.0,4077.0
2438,10,4863.0,5183.0,4529.0
2644,10,4859.0,4705.0,5060.0
2108,4,4855.0,2338.0,2308.0
2525,9,4851.0,5119.0,4891.0
1294,8,4850.0,4553.0,5504.0
2762,6,4850.0,4409.0,4384.0
1427,10,4837.0,5015.0,4907.0
1940,9,4829.0,4147.0,3689.0
1319,4,4825.0,4056.0,3646.0
2713,1,4824.0,4694.0,6080.0
1904,6,4817.0,3768.0,4676.0
2296,9,4813.0,5191.0,5143.0
2396,10,4812.0,6938.0,4882.0
2347,9,4811.0,25451.0,9935.0
2341,10,4805.0,5188.0,4719.0
1053,6,4791.0,3161.0,2707.0
612,8,4787.0,8674.0,6157.0
2453,5,4785.0,4563.0,3655.0
2639,6,4783.0,4328.0,5138.0
1273,8,4775.0,6448.0,5139.0
1303,9,4775.0,4882.0,4554.0
2137,8,4774.0,3675.0,3655.0
533,6,4769.0,10669.0,5466.0
2301,2,4759.0,4530.0,4510.0
1708,8,4756.0,8758.0,7445.0
520,8,4755.0,3212.0,2736.0
2286,5,4751.0,4496.0,3857.0
1071,6,4747.0,4425.0,4072.0
1338,9,4747.0,3806.0,3458.0
2185,8,4746.0,4564.0,4046.0
2495,8,4731.0,4365.0,4791.0
1878,8,4728.0,4246.0,4220.0
2577,5,4726.0,5161.0,4078.0
27,8,4717.0,4662.0,5902.0
2615,7,4712.0,3986.0,4359.0
2759,6,4711.0,4614.0,3888.0
2412,9,4711.0,4595.0,4869.0
237,9,4710.0,3733.0,3367.0
2638,4,4705.0,5134.0,4840.0
2022,5,4695.0,4126.0,4266.0
2743,10,4692.0,9879.0,7881.0
2377,7,4692.0,8417.0,7455.0
1141,9,4691.0,4486.0,3850.0
655,7,4689.0,2380.0,1565.0
1905,5,4679.0,4038.0,5389.0
2521,9,4678.0,5713.0,6009.0
1352,8,4678.0,12095.0,8404.0
1939,10,4671.0,6838.0,6387.0
2441,5,4667.0,4821.0,3849.0
1845,3,4665.0,3785.0,3628.0
422,6,4664.0,6369.0,2106.0
1805,3,4661.0,3582.0,3403.0
1485,8,4658.0,7932.0,7225.0
1838,4,4652.0,5164.0,5279.0
2102,9,4651.0,9110.0,6111.0
2118,7,4646.0,3895.0,3535.0
2122,6,4638.0,4273.0,4452.0
913,4,4634.0,3500.0,3614.0
2532,8,4628.0,5788.0,5195.0
1492,9,4628.0,4892.0,4513.0
2302,7,4626.0,4231.0,3458.0
2134,9,4618.0,4435.0,3537.0
1698,9,4607.0,4231.0,3722.0
2066,5,4605.0,5108.0,5801.0
2263,5,4595.0,4724.0,5141.0
943,3,4594.0,10559.0,12135.0
867,7,4593.0,7746.0,3382.0
1996,3,4591.0,10436.0,12331.0
1308,4,4585.0,3497.0,2291.0
984,10,4580.0,5646.0,5582.0
2604,6,4579.0,5397.0,5058.0
2462,4,4577.0,3889.0,3779.0
2733,8,4576.0,4935.0,4594.0
730,9,4573.0,2799.0,2977.0
1804,9,4572.0,11610.0,8326.0
2188,9,4572.0,3842.0,3156.0
379,7,4572.0,4035.0,3506.0
309,6,4568.0,3702.0,2472.0
2539,9,4566.0,5897.0,4828.0
2667,6,4564.0,4594.0,4459.0
953,8,4557.0,4088.0,3934.0
1526,2,4555.0,3523.0,3821.0
1674,7,4545.0,4905.0,4819.0
0,7,4533.0,28244.0,11400.0
904,9,4533.0,4953.0,3175.0
1289,7,4527.0,4167.0,2009.0
1792,6,4523.0,3810.0,3540.0
2643,6,4520.0,18941.0,12300.0
792,10,4510.0,4611.0,3810.0
2552,4,4509.0,6160.0,3737.0
1856,8,4508.0,4075.0,2800.0
2652,4,4504.0,3831.0,3963.0
1837,5,4503.0,4772.0,3454.0
1778,8,4503.0,7578.0,4938.0
1953,6,4499.0,4385.0,3098.0
2322,9,4497.0,5135.0,5574.0
2596,2,4493.0,4535.0,3569.0
1790,7,4489.0,5154.0,4251.0
2292,6,4489.0,6368.0,3891.0
2541,3,4488.0,5061.0,5907.0
1981,6,4483.0,5135.0,5724.0
649,10,4482.0,3404.0,3422.0
994,5,4482.0,4296.0,4498.0
1914,7,4480.0,4939.0,6187.0
1737,7,4474.0,3864.0,4014.0
587,2,4472.0,16485.0,4390.0
1149,9,4465.0,3420.0,3197.0
1598,10,4460.0,4908.0,5396.0
431,7,4455.0,5822.0,5867.0
907,8,4447.0,2884.0,2192.0
292,7,4446.0,5037.0,1785.0
1181,10,4443.0,3917.0,4155.0
1314,7,4440.0,8661.0,3217.0
1686,10,4440.0,3436.0,3231.0
355,10,4439.0,3587.0,1973.0
2628,7,4431.0,4319.0,4294.0
313,8,4420.0,5398.0,5448.0
1544,10,4420.0,3321.0,3151.0
8,1,4416.0,3066.0,2347.0
1810,9,4406.0,4515.0,4465.0
1236,9,4404.0,4479.0,4272.0
1870,2,4404.0,3147.0,2588.0
2512,7,4402.0,4340.0,3903.0
1780,5,4395.0,5416.0,3683.0
2692,3,4395.0,8538.0,5280.0
1454,6,4392.0,2953.0,2443.0
728,5,4391.0,2919.0,6224.0
1863,10,4384.0,4171.0,3728.0
129,7,4382.0,2525.0,1597.0
1231,4,4381.0,4365.0,3933.0
1586,9,4377.0,5120.0,3444.0
2177,6,4376.0,4204.0,2826.0
198,10,4375.0,5224.0,4115.0
1207,3,4374.0,3779.0,3519.0
2196,7,4374.0,4849.0,3620.0
875,8,4370.0,3548.0,2424.0
1823,10,4366.0,9792.0,5027.0
1228,9,4365.0,3960.0,2141.0
1501,5,4364.0,13263.0,9498.0
2143,10,4360.0,4883.0,4586.0
2640,7,4360.0,4214.0,3405.0
2538,6,4360.0,3957.0,3388.0
2506,10,4360.0,10244.0,6168.0
2544,8,4353.0,3924.0,3522.0
1743,10,4353.0,4544.0,3203.0
1882,4,4353.0,3759.0,3015.0
1765,9,4353.0,4252.0,4637.0
2547,5,4350.0,4230.0,4429.0
2179,4,4343.0,11124.0,8103.0
814,8,4339.0,3728.0,2710.0
2683,7,4322.0,4207.0,3724.0
2699,10,4321.0,10540.0,7591.0
2073,10,4321.0,6008.0,2920.0
2250,8,4320.0,4295.0,4319.0
1198,9,4315.0,4422.0,3283.0
2756,6,4314.0,4379.0,3978.0
624,9,4314.0,4043.0,4354.0
2509,6,4306.0,4589.0,4629.0
1353,6,4304.0,8202.0,5197.0
2746,10,4303.0,4186.0,3894.0
1167,3,4302.0,5160.0,4701.0
2394,7,4296.0,15494.0,17836.0
290,10,4295.0,4236.0,2908.0
2212,8,4293.0,4385.0,4153.0
256,6,4293.0,5195.0,5275.0
2736,5,4284.0,4164.0,5163.0
2297,5,4280.0,7196.0,4425.0
2147,8,4273.0,3938.0,3586.0
2099,5,4271.0,4443.0,5550.0
1399,5,4270.0,4258.0,3967.0
1218,10,4270.0,4653.0,4283.0
2731,4,4270.0,4446.0,3991.0
2400,8,4266.0,4807.0,4715.0
519,3,4263.0,3364.0,3334.0
2471,5,4247.0,4972.0,5078.0
2382,4,4236.0,4612.0,5421.0
380,7,4235.0,2464.0,2740.0
2334,9,4224.0,3891.0,3959.0
2235,2,4221.0,4440.0,3891.0
1547,10,4214.0,4259.0,4427.0
2264,8,4213.0,4761.0,4301.0
248,10,4209.0,5112.0,5573.0
2103,9,4207.0,3357.0,2899.0
2489,5,4207.0,4203.0,3133.0
1912,8,4207.0,3550.0,3814.0
684,9,4197.0,2802.0,3089.0
2439,8,4196.0,3719.0,3637.0
2,7,4193.0,4733.0,2845.0
980,3,4186.0,3133.0,2639.0
2668,9,4182.0,3923.0,3573.0
2748,7,4180.0,12763.0,8871.0
2094,9,4179.0,3803.0,4357.0
1578,5,4179.0,3938.0,5356.0
2348,6,4176.0,3576.0,3704.0
2158,3,4171.0,4834.0,3205.0
1430,7,4155.0,3398.0,3031.0
1362,9,4149.0,4550.0,4075.0
2281,9,4140.0,4033.0,4353.0
261,8,4140.0,2775.0,1933.0
1153,6,4133.0,25688.0,15445.0
1959,2,4130.0,4033.0,3867.0
2594,4,4122.0,3381.0,3770.0
2167,4,4120.0,3571.0,3189.0
2452,8,4119.0,3368.0,4375.0
1646,6,4117.0,17077.0,6077.0
1400,8,4114.0,2996.0,2338.0
110,10,4113.0,12793.0,12094.0
1783,9,4113.0,3852.0,3153.0
2216,8,4113.0,3718.0,3970.0
2266,3,4111.0,4062.0,3343.0
2470,2,4108.0,4547.0,4108.0
1948,10,4105.0,3805.0,2906.0
2251,8,4103.0,3458.0,2786.0
714,7,4099.0,4557.0,3278.0
2467,2,4097.0,5415.0,5415.0
2492,9,4091.0,7618.0,7241.0
1552,7,4091.0,3757.0,3436.0
2279,10,4086.0,6318.0,5053.0
328,10,4082.0,3354.0,2531.0
2710,10,4081.0,3675.0,3614.0
1726,8,4079.0,4864.0,5576.0
2608,8,4078.0,5319.0,7935.0
2697,6,4075.0,4169.0,4314.0
174,8,4072.0,4084.0,3763.0
1983,4,4068.0,3759.0,3702.0
2426,8,4066.0,4409.0,3957.0
1693,5,4061.0,3654.0,3672.0
1730,7,4059.0,3358.0,4385.0
1583,9,4057.0,4357.0,3533.0
131,8,4043.0,2292.0,1529.0
581,9,4042.0,3804.0,3987.0
6,8,4041.0,4002.0,2739.0
799,2,4036.0,2358.0,1818.0
2564,2,4031.0,9167.0,3454.0
1573,9,4029.0,3175.0,2851.0
760,4,4020.0,2523.0,2261.0
1893,3,4016.0,3482.0,3137.0
2253,7,4014.0,6828.0,3050.0
1945,7,4010.0,4022.0,3016.0
1822,8,4000.0,4227.0,3449.0
2025,7,3999.0,3959.0,3800.0
2200,5,3999.0,3572.0,3067.0
2498,2,3995.0,4115.0,5423.0
1825,3,3993.0,3179.0,2926.0
572,10,3992.0,8367.0,8718.0
1508,3,3991.0,3632.0,9098.0
1709,9,3990.0,5694.0,4494.0
2036,8,3983.0,3354.0,3913.0
2403,3,3983.0,4325.0,4005.0
2686,7,3980.0,2936.0,3293.0
1409,7,3974.0,4083.0,3565.0
418,9,3971.0,6489.0,9412.0
2229,8,3971.0,3802.0,4013.0
1706,10,3966.0,3615.0,5138.0
1001,9,3964.0,4277.0,4006.0
2771,7,3961.0,3737.0,3522.0
2164,10,3960.0,3799.0,4146.0
877,5,3957.0,3906.0,2639.0
1358,2,3955.0,3236.0,2117.0
2241,8,3955.0,3389.0,3017.0
1383,8,3954.0,9426.0,3898.0
1187,9,3953.0,3020.0,2935.0
2447,4,3949.0,3670.0,3506.0
2120,9,3948.0,4046.0,3768.0
2311,2,3947.0,3787.0,3807.0
1481,10,3945.0,3937.0,3258.0
2236,4,3945.0,3625.0,3561.0
1222,9,3943.0,5268.0,4708.0
715,8,3942.0,2758.0,2306.0
1385,3,3941.0,4229.0,5707.0
192,7,3940.0,2401.0,1472.0
1560,10,3939.0,9140.0,5758.0
710,9,3938.0,5966.0,6340.0
477,9,3936.0,3380.0,2819.0
1471,8,3936.0,3421.0,2777.0
1658,4,3934.0,4413.0,4293.0
1522,9,3932.0,4428.0,2808.0
965,6,3931.0,5000.0,8520.0
1561,5,3927.0,3873.0,4680.0
1137,9,3926.0,3238.0,2491.0
1795,4,3926.0,4034.0,3080.0
1887,6,3922.0,3120.0,3077.0
2774,10,3921.0,3722.0,3251.0
186,4,3921.0,3296.0,3008.0
1413,10,3918.0,3069.0,2754.0
1468,9,3908.0,3182.0,3140.0
1316,5,3902.0,3297.0,2870.0
1252,6,3900.0,3443.0,3668.0
1759,10,3898.0,6899.0,3316.0
1116,10,3888.0,3108.0,3482.0
949,6,3884.0,3342.0,1730.0
2714,4,3883.0,3688.0,3927.0
1924,7,3879.0,2885.0,2755.0
1404,8,3877.0,3436.0,3072.0
1246,5,3874.0,4584.0,5150.0
2712,2,3871.0,4190.0,3990.0
2393,9,3868.0,3885.0,3030.0
991,7,3868.0,5190.0,6258.0
1582,8,3867.0,3129.0,2805.0
2238,10,3866.0,3965.0,4013.0
2365,9,3866.0,3539.0,3557.0
1351,10,3865.0,5860.0,5123.0
2011,3,3861.0,3275.0,3140.0
2634,8,3855.0,3606.0,3413.0
2598,4,3855.0,3815.0,3556.0
2059,10,3853.0,4253.0,3976.0
436,6,3851.0,7762.0,8629.0
162,9,3848.0,3595.0,4554.0
481,1,3846.0,3017.0,1454.0
1884,8,3845.0,5713.0,6132.0
2318,4,3842.0,4082.0,3576.0
1892,6,3838.0,3203.0,5279.0
1005,4,3829.0,17263.0,4095.0
1682,8,3826.0,3269.0,2562.0
39,8,3825.0,3644.0,3243.0
2451,6,3824.0,3410.0,3735.0
2484,4,3823.0,3734.0,3573.0
1538,3,3823.0,3352.0,2564.0
145,10,3821.0,5426.0,6118.0
2483,4,3821.0,3204.0,3084.0
675,3,3820.0,3820.0,3400.0
809,8,3820.0,3539.0,3766.0
1754,10,3818.0,4423.0,3940.0
2309,5,3807.0,3576.0,3919.0
1032,10,3805.0,2701.0,3102.0
1440,10,3804.0,3700.0,3683.0
14,4,3802.0,344.0,663.0
1240,8,3796.0,3431.0,3076.0
2078,6,3795.0,3246.0,2597.0
983,10,3794.0,3874.0,2860.0
2013,7,3791.0,4488.0,3907.0
496,9,3790.0,3354.0,4329.0
2414,6,3782.0,3802.0,3652.0
2696,6,3782.0,3842.0,3521.0
2561,6,3781.0,3831.0,3653.0
1742,7,3778.0,4285.0,4309.0
794,5,3772.0,3182.0,3420.0
1601,10,3769.0,3465.0,12441.0
1515,4,3757.0,3196.0,3088.0
1571,10,3753.0,3309.0,2839.0
1115,3,3746.0,3124.0,2427.0
2533,10,3742.0,4008.0,3959.0
885,10,3740.0,2676.0,1916.0
2465,3,3737.0,2982.0,3053.0
2751,6,3736.0,4444.0,4798.0
2307,8,3735.0,15591.0,7284.0
1721,6,3734.0,3806.0,3761.0
1740,5,3734.0,4255.0,4317.0
394,9,3731.0,2968.0,2008.0
1596,3,3730.0,3533.0,3573.0
2450,2,3726.0,3220.0,3021.0
1348,6,3726.0,3636.0,2739.0
2745,9,3724.0,3557.0,3195.0
568,3,3720.0,4841.0,5588.0
1558,8,3714.0,3664.0,4074.0
44,5,3700.0,3581.0,3403.0
2622,8,3700.0,3700.0,3790.0
1651,7,3689.0,4388.0,3009.0
2330,3,3688.0,4268.0,4628.0
2549,6,3686.0,3843.0,3613.0
1626,3,3683.0,3264.0,2754.0
1368,3,3682.0,3403.0,2924.0
2384,3,3681.0,3564.0,3291.0
1635,8,3681.0,3120.0,3337.0
637,9,3679.0,4958.0,4429.0
2084,4,3679.0,3775.0,3356.0
2570,4,3679.0,3246.0,3610.0
1868,8,3678.0,3092.0,2727.0
2046,5,3676.0,5756.0,3595.0
26,4,3675.0,6498.0,4639.0
1254,8,3671.0,2902.0,2502.0
25,8,3671.0,2537.0,1598.0
1944,3,3665.0,3466.0,3514.0
2262,5,3658.0,9001.0,3653.0
2357,6,3649.0,3417.0,3133.0
1017,6,3648.0,2576.0,1900.0
2487,5,3643.0,3574.0,3456.0
1093,4,3643.0,4089.0,3940.0
999,6,3642.0,3981.0,2843.0
2126,5,3642.0,4452.0,4296.0
404,6,3640.0,2561.0,1842.0
384,7,3638.0,3139.0,3632.0
1292,8,3636.0,15789.0,12621.0
2001,4,3636.0,4933.0,3169.0
1871,6,3635.0,4051.0,6169.0
1300,3,3634.0,4082.0,4800.0
2753,9,3632.0,3420.0,3114.0
1809,9,3630.0,3544.0,4170.0
2767,1,3628.0,3230.0,2847.0
2368,5,3621.0,3302.0,2704.0
2755,3,3621.0,3770.0,3501.0
2491,5,3620.0,3449.0,3473.0
2285,3,3619.0,11505.0,2738.0
2545,3,3615.0,3730.0,3491.0
2378,8,3615.0,3216.0,2649.0
2006,6,3614.0,3484.0,3559.0
831,4,3610.0,27083.0,13844.0
815,6,3608.0,4382.0,4196.0
2752,9,3608.0,3738.0,3089.0
2085,6,3607.0,3364.0,2952.0
919,10,3606.0,2818.0,2442.0
2599,3,3606.0,3134.0,2835.0
1922,9,3605.0,3801.0,2992.0
2228,6,3605.0,3411.0,3167.0
915,4,3601.0,6971.0,1759.0
513,7,3598.0,3837.0,3478.0
2704,2,3598.0,3300.0,2744.0
1239,5,3598.0,3610.0,3345.0
1901,10,3591.0,3457.0,3624.0
1886,7,3588.0,4625.0,3171.0
2305,5,3588.0,2868.0,3407.0
2135,4,3584.0,4136.0,4203.0
1377,9,3583.0,4868.0,3986.0
2294,8,3582.0,3548.0,3805.0
2672,6,3580.0,8818.0,3143.0
2606,4,3574.0,3622.0,3678.0
1078,5,3573.0,4071.0,5613.0
1833,1,3572.0,4532.0,3182.0
1428,7,3570.0,3380.0,2905.0
627,9,3567.0,3162.0,2456.0
1908,9,3566.0,5681.0,4545.0
2429,6,3565.0,3182.0,3486.0
2655,5,3560.0,3565.0,3736.0
1410,9,3557.0,3198.0,4396.0
1902,9,3548.0,2660.0,2897.0
855,8,3545.0,3196.0,3135.0
2319,10,3542.0,4513.0,4720.0
1166,5,3542.0,4340.0,4837.0
2445,8,3540.0,9524.0,5071.0
2284,6,3540.0,3285.0,5449.0
2107,4,3539.0,3426.0,3543.0
2219,5,3536.0,2798.0,2219.0
1435,8,3533.0,2552.0,2492.0
2612,7,3533.0,3580.0,3465.0
1984,5,3528.0,3127.0,3364.0
2358,4,3525.0,3263.0,4834.0
1735,10,3522.0,3564.0,3294.0
2327,8,3522.0,3210.0,3131.0
1619,5,3521.0,3525.0,3070.0
2732,3,3518.0,3269.0,3339.0
1041,8,3516.0,3733.0,3589.0
951,8,3511.0,2890.0,3230.0
1815,8,3509.0,6912.0,3554.0
653,5,3508.0,2418.0,3637.0
359,10,3507.0,6725.0,5066.0
1421,3,3503.0,4476.0,4116.0
1739,6,3501.0,3553.0,3346.0
2422,5,3501.0,3293.0,3157.0
74,7,3500.0,3206.0,3017.0
2440,4,3500.0,3498.0,7287.0
2218,6,3500.0,3115.0,2964.0
737,10,3498.0,4589.0,2629.0
2623,10,3498.0,6533.0,4204.0
2096,10,3494.0,8508.0,5350.0
2654,4,3493.0,4271.0,4122.0
1712,7,3493.0,3658.0,4844.0
2572,3,3492.0,4418.0,3370.0
1807,9,3491.0,3468.0,2997.0
2383,6,3488.0,3003.0,4349.0
2703,4,3480.0,3413.0,2904.0
2259,4,3479.0,3660.0,3349.0
1979,2,3478.0,3064.0,3132.0
2678,10,3477.0,5313.0,10220.0
848,9,3476.0,3172.0,3021.0
1342,4,3475.0,2635.0,1861.0
1969,4,3474.0,19511.0,9728.0
2184,8,3469.0,4078.0,3901.0
1718,4,3469.0,4142.0,3182.0
1942,10,3469.0,3908.0,3778.0
1761,3,3468.0,4185.0,4265.0
1774,10,3466.0,3282.0,3879.0
1724,9,3466.0,3423.0,3103.0
2033,7,3463.0,3679.0,3360.0
2605,5,3460.0,3171.0,2960.0
702,5,3460.0,9005.0,6260.0
1233,6,3460.0,4081.0,3939.0
2210,3,3459.0,3059.0,2560.0
2008,5,3458.0,3540.0,2479.0
1261,10,3453.0,2986.0,2758.0
2409,4,3453.0,3756.0,3266.0
263,7,3451.0,1916.0,1643.0
2603,9,3450.0,3727.0,3426.0
1390,3,3450.0,3458.0,2596.0
1514,9,3450.0,8069.0,2993.0
2702,8,3447.0,3515.0,3185.0
827,9,3445.0,3062.0,3125.0
2490,6,3442.0,4512.0,4055.0
144,2,3440.0,2777.0,2604.0
1967,5,3436.0,3408.0,3305.0
1800,5,3435.0,3273.0,2327.0
701,7,3432.0,4223.0,3501.0
2064,6,3431.0,3727.0,3653.0
2661,8,3428.0,3451.0,3135.0
4,10,3427.0,21849.0,17309.0
2057,4,3426.0,3444.0,2831.0
1906,2,3422.0,3860.0,5009.0
753,3,3416.0,3005.0,2154.0
1813,8,3409.0,3383.0,3314.0
1883,10,3406.0,3380.0,3400.0
2231,7,3403.0,3191.0,3082.0
584,6,3403.0,10255.0,7533.0
2651,5,3403.0,3383.0,3823.0
2444,2,3402.0,3612.0,3732.0
1082,9,3400.0,3357.0,3894.0
823,8,3397.0,4272.0,1679.0
2397,1,3396.0,3356.0,3156.0
335,9,3396.0,3484.0,3796.0
1487,9,3394.0,3532.0,3173.0
2198,10,3392.0,2717.0,2587.0
2534,8,3388.0,8585.0,5044.0
2404,9,3387.0,6801.0,7426.0
2388,9,3386.0,4026.0,3327.0
1617,3,3382.0,3044.0,2499.0
2730,3,3380.0,3093.0,3125.0
2273,10,3379.0,3279.0,3130.0
1217,4,3377.0,3020.0,3044.0
1936,7,3375.0,3099.0,3557.0
2317,6,3375.0,3130.0,3156.0
800,7,3375.0,2977.0,2074.0
813,10,3373.0,3652.0,3793.0
2573,6,3372.0,3220.0,3114.0
1537,6,3372.0,2351.0,2468.0
2592,10,3371.0,3819.0,3340.0
2076,1,3370.0,2902.0,3240.0
2427,7,3369.0,3250.0,3283.0
1636,7,3369.0,4314.0,2075.0
444,10,3367.0,3311.0,2611.0
1306,4,3366.0,3700.0,3858.0
1629,10,3364.0,3139.0,2967.0
2662,6,3361.0,2952.0,3121.0
1275,8,3356.0,9250.0,5251.0
299,10,3353.0,2481.0,2188.0
123,9,3346.0,3171.0,2695.0
2086,4,3345.0,2760.0,2808.0
2343,3,3343.0,3375.0,3285.0
1205,8,3340.0,3364.0,2533.0
1380,7,3339.0,3499.0,3310.0
2015,5,3337.0,2330.0,2340.0
1891,2,3330.0,2850.0,2251.0
1223,3,3330.0,3769.0,4977.0
2095,5,3328.0,3604.0,2857.0
142,5,3325.0,2379.0,3038.0
2624,6,3325.0,3117.0,2987.0
1793,6,3324.0,3175.0,2973.0
703,9,3324.0,3514.0,4085.0
1262,8,3323.0,3320.0,2400.0
2340,10,3323.0,3508.0,3337.0
1697,9,3323.0,4540.0,3503.0
2144,6,3322.0,3433.0,3444.0
2458,2,3316.0,2957.0,2897.0
2664,4,3314.0,7928.0,6688.0
1065,9,3312.0,6257.0,4100.0
2520,5,3310.0,3145.0,2881.0
1656,7,3309.0,4070.0,3687.0
1937,5,3308.0,2997.0,2677.0
2110,4,3306.0,4701.0,11563.0
2336,2,3305.0,2799.0,3039.0
2050,10,3302.0,3100.0,3181.0
1890,4,3302.0,2952.0,2525.0
1432,7,3298.0,4595.0,3068.0
2193,6,3298.0,2983.0,3510.0
766,6,3296.0,4658.0,2659.0
1498,2,3295.0,2876.0,2157.0
1146,2,3294.0,3294.0,3562.0
347,9,3293.0,1837.0,2366.0
2420,10,3290.0,3163.0,3394.0
1444,10,3289.0,3645.0,2709.0
1499,7,3288.0,3743.0,3505.0
2454,8,3285.0,3087.0,3047.0
1128,7,3284.0,3008.0,2258.0
1064,6,3282.0,3534.0,3349.0
1640,6,3281.0,5153.0,8447.0
2658,2,3281.0,2969.0,2969.0
484,7,3277.0,4099.0,4160.0
2199,7,3276.0,3218.0,2679.0
2744,5,3275.0,3215.0,3231.0
2067,5,3272.0,3469.0,3280.0
822,9,3265.0,2501.0,2886.0
2295,10,3263.0,5492.0,4408.0
2097,7,3259.0,4362.0,3848.0
2609,1,3258.0,12366.0,7150.0
544,3,3258.0,3708.0,3317.0
1391,10,3257.0,12886.0,7243.0
1600,10,3238.0,2981.0,3230.0
2516,4,3235.0,2996.0,2756.0
2536,3,3235.0,3158.0,3015.0
1035,6,3230.0,2725.0,2488.0
1881,6,3229.0,3173.0,2764.0
36,9,3228.0,2318.0,1578.0
1088,5,3227.0,2339.0,1940.0
2620,6,3225.0,3046.0,2840.0
2124,10,3225.0,2866.0,2635.0
2392,7,3224.0,2498.0,2556.0
459,8,3223.0,3780.0,4385.0
2750,2,3221.0,3213.0,3197.0
1374,8,3219.0,2472.0,2402.0
1484,6,3218.0,2303.0,2581.0
1913,8,3217.0,5191.0,3323.0
1406,8,3217.0,4611.0,5468.0
2260,9,3213.0,3020.0,3292.0
1434,7,3212.0,2840.0,2246.0
2707,3,3204.0,3174.0,3108.0
1170,10,3202.0,2288.0,2829.0
2288,4,3198.0,2933.0,3312.0
2690,8,3197.0,3456.0,3671.0
1109,10,3195.0,11277.0,5452.0
354,4,3194.0,3715.0,3131.0
199,2,3192.0,3588.0,1419.0
361,8,3186.0,5406.0,3371.0
1926,6,3185.0,2910.0,2872.0
1516,8,3182.0,3851.0,4299.0
1445,4,3181.0,3235.0,3381.0
642,9,3178.0,15898.0,22212.0
2139,2,3177.0,3858.0,5648.0
2472,8,3177.0,3429.0,3317.0
1762,8,3175.0,2659.0,2732.0
1381,10,3165.0,3366.0,3819.0
526,6,3163.0,3492.0,4590.0
2369,6,3162.0,3138.0,2947.0
1576,7,3162.0,3092.0,3379.0
1061,6,3161.0,9777.0,4124.0
2411,4,3161.0,3416.0,3424.0
2226,6,3159.0,2855.0,2971.0
277,5,3159.0,2587.0,2795.0
491,3,3157.0,4126.0,2682.0
1509,10,3157.0,2739.0,2092.0
2645,7,3156.0,2774.0,2715.0
1645,5,3155.0,5890.0,5753.0
869,5,3154.0,3266.0,2940.0
392,4,3152.0,2303.0,1787.0
2553,4,3151.0,3510.0,3511.0
1161,5,3143.0,3056.0,2786.0
119,9,3135.0,6071.0,8394.0
802,4,3129.0,3720.0,3484.0
1960,9,3128.0,3105.0,3236.0
2557,3,3127.0,3096.0,3187.0
1365,7,3125.0,2857.0,1932.0
2053,7,3119.0,3081.0,3578.0
1896,10,3119.0,3625.0,3967.0
1531,10,3119.0,3123.0,2796.0
322,7,3118.0,1241.0,1201.0
1858,7,3117.0,5828.0,4330.0
834,8,3112.0,2726.0,3587.0
1972,1,3109.0,3371.0,3268.0
2186,3,3109.0,3065.0,3688.0
1755,10,3109.0,2949.0,2354.0
1775,9,3108.0,3354.0,11685.0
1148,4,3106.0,2197.0,2427.0
1605,3,3105.0,2894.0,3365.0
1525,5,3105.0,2589.0,2633.0
2304,3,3097.0,3041.0,3067.0
1227,7,3096.0,3197.0,3648.0
2517,7,3095.0,3550.0,3522.0
1648,3,3095.0,3943.0,3823.0
374,5,3093.0,3358.0,2550.0
2569,4,3092.0,3292.0,2978.0
510,9,3087.0,3833.0,3049.0
2719,6,3086.0,3136.0,3004.0
1462,8,3084.0,2910.0,2804.0
2775,2,3084.0,2994.0,2964.0
2265,8,3083.0,6329.0,2808.0
1720,7,3080.0,2750.0,2472.0
356,7,3080.0,4534.0,3502.0
2376,4,3077.0,8055.0,6323.0
2154,8,3074.0,3355.0,2794.0
1949,10,3071.0,3014.0,3065.0
2457,2,3069.0,3077.0,2942.0
336,5,3068.0,2062.0,1370.0
1812,3,3068.0,2765.0,2234.0
2729,6,3066.0,2867.0,2897.0
2116,4,3065.0,3165.0,3277.0
2071,5,3064.0,2910.0,2780.0
733,6,3063.0,2790.0,3666.0
2170,10,3062.0,2880.0,2873.0
2148,8,3062.0,3386.0,3306.0
952,6,3056.0,2637.0,2477.0
2029,3,3053.0,3122.0,2847.0
1532,2,3051.0,2831.0,3122.0
1357,8,3051.0,6030.0,4524.0
535,8,3051.0,2692.0,1813.0
2325,3,3050.0,13017.0,5787.0
932,9,3049.0,2761.0,2645.0
1090,10,3048.0,2836.0,2808.0
1806,5,3048.0,2800.0,2796.0
2508,2,3046.0,3035.0,2720.0
2477,3,3046.0,2986.0,3435.0
1099,8,3044.0,3260.0,2253.0
1654,6,3044.0,3387.0,3345.0
1267,5,3043.0,2524.0,2045.0
1341,5,3041.0,2379.0,1990.0
1169,5,3041.0,3028.0,2404.0
2528,5,3040.0,2933.0,2896.0
2629,4,3026.0,3268.0,2906.0
887,4,3023.0,2664.0,2724.0
103,9,3023.0,5992.0,3693.0
2766,7,3023.0,3043.0,2990.0
1315,1,3022.0,3232.0,3352.0
679,7,3020.0,3367.0,1490.0
2081,4,3020.0,2720.0,2680.0
1182,4,3019.0,2600.0,2001.0
1789,4,3014.0,2764.0,2360.0
47,4,3012.0,2173.0,2401.0
179,7,3009.0,2743.0,3328.0
1764,9,3007.0,3277.0,3654.0
2726,1,3006.0,3046.0,3126.0
2418,3,3001.0,2994.0,3527.0
772,5,3001.0,4437.0,5621.0
2563,4,3000.0,2966.0,3004.0
1584,9,2997.0,3210.0,2262.0
1322,1,2997.0,1965.0,2102.0
634,4,2995.0,3784.0,6042.0
246,8,2993.0,3454.0,2424.0
2715,7,2991.0,3002.0,3426.0
1734,5,2984.0,3040.0,2562.0
2291,3,2984.0,2926.0,2998.0
1118,9,2984.0,3127.0,2813.0
80,8,2982.0,2956.0,1682.0
2580,1,2981.0,2904.0,2787.0
1232,3,2981.0,2261.0,2453.0
2153,9,2981.0,3996.0,2889.0
2718,8,2981.0,3053.0,3029.0
963,8,2980.0,3950.0,3413.0
1968,3,2978.0,2581.0,2494.0
2142,4,2975.0,3661.0,3386.0
2474,10,2973.0,2711.0,2639.0
2203,4,2973.0,2861.0,2722.0
982,7,2972.0,6389.0,2798.0
595,10,2971.0,3012.0,3032.0
2648,2,2968.0,2728.0,2808.0
1808,10,2962.0,3068.0,2651.0
1513,10,2959.0,3670.0,3487.0
1818,6,2957.0,2905.0,2515.0
2589,3,2948.0,2828.0,2649.0
1847,7,2946.0,3224.0,2405.0
2272,9,2945.0,2977.0,3123.0
1168,6,2945.0,2893.0,2164.0
1817,6,2945.0,2641.0,2556.0
756,8,2942.0,3202.0,3142.0
1699,6,2941.0,2640.0,2783.0
2591,8,2941.0,2767.0,2769.0
2740,1,2940.0,2900.0,2880.0
2401,7,2940.0,2990.0,3030.0
2065,4,2937.0,2895.0,2895.0
2581,7,2936.0,2948.0,3016.0
2034,7,2935.0,2592.0,2750.0
609,6,2935.0,1932.0,1655.0
872,9,2935.0,5959.0,1970.0
2161,3,2934.0,2925.0,2798.0
987,5,2933.0,2840.0,4078.0
1518,10,2931.0,2628.0,2846.0
467,8,2930.0,2672.0,1891.0
966,8,2928.0,6512.0,2596.0
1992,5,2927.0,2994.0,2634.0
2588,4,2926.0,2810.0,2680.0
685,5,2924.0,6758.0,11924.0
2214,6,2921.0,2775.0,3687.0
1287,10,2920.0,4067.0,5506.0
884,4,2919.0,2400.0,2540.0
958,7,2916.0,3342.0,4199.0
719,5,2916.0,3116.0,1957.0
2117,10,2915.0,2644.0,2390.0
1714,10,2914.0,2577.0,2704.0
2675,7,2914.0,2940.0,2957.0
2012,3,2912.0,2812.0,3012.0
1703,9,2912.0,3682.0,2888.0
2469,1,2910.0,3196.0,2858.0
892,5,2909.0,4730.0,5351.0
2091,6,2907.0,2569.0,2542.0
2249,4,2906.0,3082.0,3056.0
2355,3,2905.0,3127.0,3200.0
2308,3,2903.0,2753.0,2608.0
2709,2,2900.0,2789.0,2821.0
2371,2,2899.0,3289.0,2394.0
2232,5,2899.0,3018.0,2759.0
1788,2,2896.0,2327.0,2447.0
1853,5,2892.0,2855.0,2572.0
2725,4,2892.0,2957.0,2993.0
2398,2,2888.0,2669.0,2611.0
1749,6,2887.0,3489.0,3141.0
2476,6,2885.0,2915.0,2924.0
2293,5,2885.0,2926.0,3194.0
2721,4,2882.0,8160.0,6737.0
632,7,2880.0,2976.0,3237.0
2093,4,2879.0,10314.0,7172.0
2688,3,2877.0,2847.0,2738.0
2677,1,2877.0,2917.0,2877.0
2653,2,2877.0,2669.0,2697.0
2681,1,2875.0,2823.0,2759.0
2003,3,2874.0,2614.0,2750.0
250,10,2874.0,2060.0,3267.0
2072,3,2873.0,5370.0,4823.0
2372,2,2873.0,2754.0,2936.0
1715,3,2872.0,2772.0,3231.0
664,7,2862.0,2579.0,2986.0
2338,3,2857.0,2857.0,3895.0
2585,1,2854.0,2865.0,2802.0
1873,8,2854.0,2861.0,2925.0
2747,3,2851.0,2851.0,2773.0
1512,8,2851.0,2344.0,2284.0
2162,9,2849.0,3248.0,3084.0
2475,5,2848.0,2830.0,2752.0
1108,8,2846.0,2867.0,1987.0
2090,3,2844.0,4761.0,2767.0
2141,6,2844.0,3475.0,3059.0
2424,2,2844.0,2754.0,2794.0
1990,6,2844.0,2515.0,2601.0
2757,7,2843.0,2817.0,2770.0
1925,5,2840.0,3032.0,3520.0
100,8,2839.0,1902.0,1375.0
2175,8,2838.0,3496.0,3377.0
681,4,2836.0,2856.0,3025.0
1336,2,2834.0,2354.0,2354.0
840,10,2834.0,1851.0,3740.0
739,5,2834.0,2224.0,2527.0
2352,4,2834.0,2765.0,2650.0
2619,5,2829.0,2839.0,2969.0
583,1,2829.0,2979.0,2051.0
2530,4,2829.0,2769.0,2690.0
1060,9,2827.0,2767.0,2131.0
2617,1,2824.0,2792.0,2704.0
1079,5,2820.0,2933.0,2310.0
89,7,2819.0,2409.0,3114.0
1700,3,2819.0,2090.0,2649.0
1604,2,2817.0,4336.0,3323.0
362,8,2816.0,3793.0,3654.0
2720,2,2816.0,2816.0,2784.0
1865,3,2816.0,2834.0,3122.0
1592,9,2813.0,3000.0,3495.0
1176,2,2811.0,3460.0,2811.0
1961,5,2807.0,2723.0,2140.0
927,4,2802.0,2568.0,2131.0
2274,5,2801.0,2553.0,2523.0
2513,2,2799.0,5232.0,3519.0
2267,2,2798.0,2837.0,2927.0
2023,5,2794.0,2514.0,2936.0
2342,7,2791.0,2582.0,2752.0
2670,2,2790.0,5786.0,8063.0
2480,3,2788.0,2778.0,2798.0
115,8,2785.0,2435.0,1481.0
1505,10,2785.0,2826.0,2953.0
2416,5,2783.0,2503.0,2612.0
2602,1,2777.0,2856.0,2960.0
805,4,2777.0,4752.0,4298.0
661,5,2776.0,1835.0,3102.0
417,7,2776.0,2533.0,2024.0
1545,7,2773.0,2218.0,2152.0
1386,10,2772.0,3644.0,3076.0
2021,3,2770.0,2520.0,2381.0
2769,2,2769.0,2769.0,2769.0
2205,4,2768.0,2756.0,2917.0
2130,3,2768.0,2669.0,2718.0
511,7,2768.0,2808.0,4276.0
2768,1,2768.0,2768.0,2768.0
2546,5,2767.0,2572.0,2600.0
1799,8,2766.0,2427.0,2397.0
2346,5,2766.0,2666.0,2906.0
1494,10,2765.0,2831.0,2705.0
2363,3,2763.0,2363.0,2363.0
2761,1,2761.0,2761.0,2781.0
2669,1,2759.0,2759.0,2679.0
403,5,2755.0,8794.0,12280.0
1043,8,2754.0,8379.0,5116.0
1966,6,2754.0,3226.0,3043.0
2473,5,2748.0,3459.0,4364.0
1011,8,2747.0,2185.0,2573.0
1844,5,2746.0,3077.0,2805.0
881,10,2746.0,5081.0,2805.0
959,8,2744.0,2320.0,3649.0
2466,7,2742.0,5126.0,3832.0
1264,5,2742.0,1999.0,2125.0
2434,6,2740.0,2737.0,2917.0
1540,3,2738.0,3418.0,2778.0
2738,1,2738.0,2738.0,2738.0
1467,5,2737.0,2653.0,4471.0
886,7,2735.0,2562.0,1600.0
268,9,2735.0,2983.0,2285.0
350,4,2734.0,5910.0,3391.0
2642,2,2733.0,2733.0,2655.0
603,1,2731.0,3665.0,5378.0
641,3,2731.0,2452.0,3755.0
2063,8,2728.0,2986.0,3133.0
1848,10,2726.0,2477.0,2285.0
774,5,2726.0,3008.0,2205.0
2724,1,2724.0,2724.0,2724.0
977,6,2724.0,3143.0,2215.0
2723,1,2723.0,2723.0,2723.0
424,5,2720.0,2231.0,1907.0
1548,6,2720.0,2272.0,2424.0
2277,2,2718.0,2433.0,2536.0
1523,4,2718.0,2808.0,2075.0
2716,1,2716.0,2716.0,2716.0
2129,8,2715.0,2530.0,2457.0
981,6,2713.0,2806.0,2115.0
2711,3,2711.0,2711.0,2711.0
265,3,2711.0,2663.0,1976.0
929,10,2709.0,2313.0,1603.0
2554,3,2706.0,2706.0,2722.0
1271,7,2705.0,2412.0,2173.0
1744,6,2699.0,2260.0,2187.0
2698,1,2698.0,2698.0,2698.0
667,2,2696.0,1796.0,1359.0
2694,1,2694.0,2694.0,2694.0
935,3,2693.0,2013.0,1662.0
2657,1,2693.0,2675.0,2693.0
1947,2,2692.0,2893.0,3021.0
707,5,2690.0,2950.0,3815.0
2402,4,2689.0,2725.0,2671.0
2448,3,2688.0,2718.0,3133.0
2684,8,2684.0,2684.0,2684.0
357,9,2684.0,2439.0,2018.0
923,8,2684.0,2455.0,2430.0
2682,2,2682.0,2682.0,2682.0
1773,6,2680.0,2674.0,2913.0
2399,2,2679.0,2499.0,2429.0
2468,4,2678.0,2538.0,2498.0
2287,5,2677.0,2786.0,2737.0
66,8,2676.0,2665.0,2501.0
768,3,2675.0,2276.0,2296.0
2435,1,2674.0,2530.0,2475.0
975,7,2674.0,2886.0,2417.0
1370,3,2673.0,2879.0,2602.0
2180,4,2673.0,2569.0,2699.0
2542,2,2669.0,2765.0,2693.0
2463,7,2668.0,2692.0,2642.0
1203,2,2666.0,2343.0,1928.0
2486,1,2666.0,2522.0,2558.0
1766,1,2664.0,3204.0,2844.0
28,8,2664.0,1864.0,1656.0
305,9,2663.0,3739.0,3300.0
2024,3,2662.0,2526.0,2120.0
2353,3,2659.0,2683.0,2453.0
1094,5,2658.0,2065.0,2185.0
1519,9,2657.0,5287.0,5591.0
1506,1,2655.0,2555.0,2305.0
378,5,2655.0,2136.0,1936.0
995,4,2653.0,3790.0,3634.0
1623,4,2651.0,2751.0,2653.0
2111,4,2650.0,2261.0,2351.0
2030,4,2649.0,6894.0,4447.0
1456,4,2648.0,2594.0,2057.0
1507,10,2646.0,2687.0,2975.0
1927,4,2646.0,2500.0,2864.0
1455,8,2646.0,2783.0,2238.0
240,7,2646.0,2506.0,1349.0
1009,9,2646.0,2223.0,1724.0
2239,7,2642.0,3045.0,2827.0
2641,2,2641.0,2641.0,2641.0
1661,9,2641.0,3316.0,3189.0
1591,5,2640.0,2290.0,2011.0
1302,10,2638.0,3084.0,3415.0
2637,1,2637.0,2637.0,2637.0
1449,6,2634.0,2400.0,2275.0
1286,7,2634.0,2453.0,2207.0
2633,4,2633.0,2633.0,2633.0
570,8,2633.0,2993.0,2717.0
2631,1,2631.0,2631.0,2631.0
2060,2,2631.0,6069.0,5307.0
1379,5,2630.0,2662.0,2648.0
1843,3,2629.0,2923.0,4094.0
1490,7,2628.0,2209.0,1879.0
34,9,2627.0,2329.0,860.0
2627,3,2627.0,2627.0,2673.0
1667,2,2627.0,2244.0,2138.0
2587,6,2627.0,2607.0,2607.0
1235,10,2622.0,2820.0,2750.0
853,5,2620.0,2329.0,1923.0
182,3,2620.0,1710.0,839.0
1083,9,2618.0,14914.0,9215.0
2230,4,2614.0,2920.0,2884.0
2407,2,2614.0,2659.0,2522.0
1565,1,2613.0,2434.0,2314.0
1442,6,2612.0,10125.0,12167.0
426,4,2607.0,13889.0,5939.0
1270,6,2605.0,2192.0,2031.0
1627,4,2605.0,2246.0,2166.0
1894,5,2605.0,2460.0,2573.0
1846,6,2604.0,3039.0,3115.0
1885,4,2604.0,2784.0,2664.0
1210,10,2604.0,4917.0,6454.0
2460,2,2602.0,2714.0,2615.0
2459,9,2602.0,2527.0,2563.0
2165,9,2601.0,3222.0,3239.0
1999,4,2599.0,2632.0,2726.0
2576,3,2599.0,2576.0,2576.0
626,9,2598.0,1888.0,1641.0
1175,10,2592.0,2614.0,2127.0
2192,3,2592.0,2592.0,2392.0
1003,1,2592.0,3012.0,3102.0
1779,7,2589.0,2209.0,2539.0
1688,5,2587.0,2168.0,2048.0
2479,3,2587.0,2605.0,2605.0
2586,1,2586.0,2586.0,2586.0
2584,4,2584.0,2584.0,2584.0
2428,1,2584.0,2506.0,2428.0
2551,3,2583.0,2551.0,2551.0
206,5,2579.0,3295.0,3351.0
464,9,2578.0,2258.0,3046.0
340,6,2578.0,2900.0,2980.0
811,5,2578.0,2981.0,3363.0
1395,9,2574.0,2616.0,2263.0
1191,4,2574.0,2912.0,3816.0
1639,8,2574.0,2935.0,3212.0
1431,5,2573.0,2106.0,1950.0
2209,7,2572.0,5944.0,3317.0
1535,1,2572.0,2353.0,2393.0
105,7,2571.0,1594.0,5425.0
2190,6,2571.0,2426.0,2501.0
1350,5,2570.0,1999.0,1869.0
1991,4,2568.0,2372.0,2212.0
2568,1,2568.0,2568.0,2568.0
2567,6,2567.0,2567.0,2567.0
1238,6,2566.0,3226.0,3284.0
1541,10,2564.0,3030.0,3029.0
2562,3,2562.0,2562.0,2562.0
2560,1,2560.0,2560.0,2560.0
1607,3,2560.0,2386.0,1982.0
2559,1,2559.0,2559.0,2559.0
1958,4,2558.0,2358.0,2118.0
2485,1,2557.0,2557.0,2521.0
369,10,2554.0,2047.0,1523.0
2550,3,2550.0,2550.0,2550.0
1952,1,2549.0,2342.0,2273.0
2217,5,2546.0,2636.0,2682.0
1197,2,2546.0,2296.0,2446.0
2234,3,2545.0,2778.0,3063.0
1704,8,2543.0,2610.0,2443.0
2540,1,2540.0,2540.0,2540.0
2537,1,2537.0,2537.0,2537.0
2027,2,2536.0,2147.0,2147.0
1021,10,2534.0,2469.0,2658.0
865,8,2531.0,3976.0,3778.0
1624,5,2530.0,2546.0,2893.0
2529,1,2529.0,2529.0,2529.0
1839,8,2529.0,2217.0,2496.0
1355,5,2526.0,2347.0,2233.0
2524,3,2524.0,2524.0,6220.0
1556,6,2524.0,2521.0,2946.0
120,6,2518.0,3326.0,2674.0
1024,3,2514.0,5249.0,2971.0
1612,6,2514.0,1961.0,4689.0
2351,5,2509.0,2603.0,2636.0
2507,1,2507.0,2507.0,2507.0
1827,7,2506.0,1947.0,1977.0
741,2,2506.0,2739.0,2765.0
619,7,2505.0,1594.0,2131.0
408,7,2502.0,2831.0,2642.0
2502,1,2502.0,2502.0,2502.0
1423,6,2502.0,2981.0,2619.0
761,9,2501.0,2656.0,2766.0
2501,3,2501.0,2501.0,2501.0
793,6,2500.0,2402.0,2171.0
2499,1,2499.0,2499.0,2499.0
318,4,2498.0,4288.0,3925.0
2366,7,2498.0,3162.0,2670.0
2146,3,2497.0,2337.0,2178.0
920,3,2497.0,1698.0,2010.0
1602,5,2497.0,2533.0,2904.0
1987,2,2496.0,2706.0,2856.0
2496,2,2496.0,2496.0,2496.0
2494,3,2494.0,2514.0,2514.0
819,1,2491.0,2520.0,2013.0
1644,7,2488.0,2209.0,2381.0
1503,5,2488.0,2550.0,2221.0
2408,1,2488.0,2456.0,2472.0
1151,3,2487.0,2378.0,2069.0
1470,7,2486.0,2608.0,2935.0
2361,1,2481.0,2721.0,2601.0
1769,6,2480.0,2832.0,2269.0
2168,4,2479.0,2479.0,2492.0
2437,3,2477.0,2469.0,2477.0
2395,3,2477.0,5103.0,2459.0
1036,1,2473.0,2914.0,2927.0
2413,1,2473.0,2443.0,2443.0
1277,10,2472.0,2399.0,2076.0
1717,10,2472.0,2889.0,2528.0
1568,10,2470.0,2362.0,2206.0
1248,9,2469.0,2752.0,3096.0
2221,6,2466.0,2484.0,2407.0
2455,8,2465.0,2475.0,2465.0
2100,1,2463.0,2619.0,2437.0
1665,3,2462.0,2622.0,2526.0
1113,7,2462.0,2570.0,3296.0
2461,1,2461.0,2461.0,2461.0
1110,10,2457.0,2794.0,3065.0
270,8,2456.0,2092.0,1411.0
2227,5,2453.0,2427.0,2503.0
2075,4,2451.0,2244.0,2626.0
1172,7,2451.0,3267.0,4139.0
1373,6,2450.0,2476.0,2386.0
1781,1,2447.0,2286.0,2171.0
594,8,2446.0,2153.0,2262.0
1488,9,2441.0,2339.0,2462.0
2051,6,2440.0,2233.0,2273.0
1451,3,2439.0,2200.0,2050.0
1330,10,2438.0,3248.0,2804.0
2436,1,2436.0,2436.0,2436.0
705,10,2432.0,2137.0,1767.0
1132,10,2431.0,2613.0,2058.0
2431,2,2431.0,2431.0,2431.0
1928,6,2427.0,2374.0,2417.0
59,9,2426.0,3557.0,3428.0
149,2,2425.0,1856.0,1269.0
2201,6,2425.0,2541.0,2568.0
692,7,2421.0,3786.0,4104.0
1982,1,2421.0,2222.0,2302.0
2421,1,2421.0,2421.0,2421.0
2202,6,2421.0,2371.0,2411.0
1757,7,2419.0,2168.0,1963.0
723,7,2419.0,1222.0,1254.0
2329,6,2418.0,2403.0,2374.0
2415,1,2415.0,2415.0,2415.0
1250,4,2415.0,11246.0,1827.0
1993,4,2414.0,2239.0,2112.0
2313,3,2413.0,2453.0,3710.0
1711,7,2411.0,3206.0,1790.0
497,6,2409.0,1926.0,2281.0
2406,1,2406.0,2406.0,2406.0
2323,4,2402.0,2339.0,2371.0
801,3,2401.0,2848.0,2329.0
2182,1,2397.0,2362.0,2397.0
2381,2,2397.0,2389.0,2389.0
1046,2,2395.0,1747.0,1747.0
1613,6,2391.0,5487.0,2291.0
1916,4,2391.0,2414.0,2171.0
1628,4,2390.0,2315.0,2068.0
2373,4,2389.0,2373.0,2373.0
743,4,2388.0,2418.0,2628.0
1189,4,2387.0,5625.0,5698.0
1675,4,2386.0,4707.0,4192.0
2345,4,2385.0,2425.0,2465.0
2385,1,2385.0,2385.0,2385.0
1796,6,2382.0,2298.0,2264.0
2380,3,2380.0,2380.0,2380.0
2140,5,2380.0,2276.0,2140.0
2379,7,2379.0,2379.0,2379.0
2328,7,2378.0,2328.0,2328.0
2283,2,2378.0,2355.0,2315.0
2258,2,2378.0,2298.0,2334.0
2375,1,2375.0,2375.0,2375.0
2174,4,2374.0,4338.0,2556.0
1007,6,2372.0,2609.0,2341.0
2326,4,2372.0,2441.0,2372.0
1206,7,2370.0,2406.0,2312.0
934,2,2370.0,2609.0,1955.0
1653,6,2370.0,2492.0,2312.0
1450,5,2369.0,5401.0,3695.0
1919,4,2369.0,1919.0,1919.0
1234,5,2367.0,2738.0,2332.0
2002,1,2365.0,2443.0,2132.0
1622,9,2363.0,2773.0,2320.0
2197,3,2363.0,2446.0,2283.0
111,5,2363.0,2639.0,2090.0
1663,3,2363.0,2219.0,1860.0
2211,3,2361.0,4208.0,3899.0
2360,1,2360.0,2360.0,2360.0
1439,8,2360.0,6990.0,1941.0
210,7,2356.0,3684.0,879.0
2332,1,2356.0,2338.0,2362.0
1745,3,2355.0,1924.0,2014.0
2204,2,2354.0,2444.0,2294.0
2040,2,2351.0,2481.0,2429.0
311,4,2351.0,2594.0,2337.0
2270,3,2350.0,2318.0,2310.0
1452,9,2350.0,2064.0,2541.0
2350,1,2350.0,2350.0,2350.0
2349,2,2349.0,2349.0,2349.0
1310,4,2347.0,2048.0,1595.0
687,8,2346.0,9186.0,3381.0
1574,3,2342.0,2732.0,2952.0
1111,10,2340.0,2619.0,2170.0
698,3,2339.0,3444.0,3247.0
2337,2,2337.0,2337.0,2337.0
2018,2,2337.0,2289.0,2305.0
2225,7,2335.0,2245.0,2225.0
2333,3,2333.0,4130.0,4040.0
286,2,2333.0,2293.0,2952.0
50,10,2331.0,2213.0,2070.0
1821,3,2330.0,2180.0,2360.0
18,5,2330.0,5015.0,3177.0
1483,2,2328.0,2041.0,2009.0
1163,2,2327.0,2232.0,2008.0
1921,3,2325.0,2298.0,2270.0
2324,1,2324.0,2324.0,2324.0
755,5,2322.0,1861.0,1449.0
1567,4,2322.0,1864.0,1800.0
778,3,2317.0,1916.0,1860.0
724,9,2314.0,1321.0,1272.0
1676,6,2314.0,3861.0,3263.0
1436,6,2313.0,2329.0,2584.0
1831,2,2310.0,2489.0,1931.0
231,3,2308.0,1895.0,1450.0
656,10,2308.0,2376.0,1821.0
1401,9,2306.0,2645.0,2334.0
1019,1,2304.0,2052.0,2098.0
1461,8,2300.0,2276.0,2236.0
2049,1,2299.0,2199.0,2299.0
1010,2,2298.0,1968.0,1280.0
1687,2,2296.0,2196.0,2006.0
1791,6,2296.0,2434.0,2457.0
1063,8,2294.0,4064.0,4929.0
2125,1,2293.0,2229.0,2190.0
2242,5,2290.0,2298.0,2266.0
1288,6,2289.0,2409.0,1655.0
1907,3,2286.0,2266.0,2206.0
2244,4,2284.0,2284.0,2284.0
2042,7,2282.0,2162.0,2282.0
169,9,2281.0,5201.0,2093.0
2280,1,2280.0,2280.0,2280.0
1934,5,2276.0,2216.0,2157.0
697,8,2275.0,1537.0,1808.0
2275,1,2275.0,2275.0,2275.0
2119,4,2274.0,2158.0,2184.0
2271,1,2271.0,2271.0,2271.0
1215,8,2270.0,2071.0,1997.0
1031,10,2270.0,2252.0,2747.0
2247,4,2267.0,2287.0,2297.0
745,6,2262.0,2333.0,5943.0
2052,2,2259.0,2293.0,2131.0
1478,10,2257.0,1897.0,1818.0
1772,4,2257.0,2670.0,2562.0
2256,1,2256.0,2256.0,2256.0
1841,1,2256.0,2415.0,2527.0
2255,1,2255.0,2255.0,2255.0
1956,3,2255.0,2404.0,2165.0
1920,6,2254.0,2151.0,2006.0
438,7,2254.0,2236.0,2715.0
189,8,2253.0,2319.0,1819.0
1867,5,2249.0,2930.0,2406.0
2169,1,2249.0,3094.0,2679.0
854,9,2248.0,2350.0,2280.0
1998,5,2248.0,2248.0,2098.0
2248,2,2248.0,2248.0,2248.0
419,9,2245.0,4286.0,4240.0
890,7,2242.0,2074.0,1846.0
2047,4,2241.0,2215.0,2228.0
2041,5,2241.0,2081.0,2121.0
456,6,2241.0,1504.0,1287.0
787,9,2238.0,2042.0,1918.0
2237,1,2237.0,2237.0,2237.0
376,4,2235.0,2557.0,2464.0
643,8,2235.0,2052.0,1473.0
302,9,2232.0,2872.0,2804.0
1834,10,2232.0,2549.0,2799.0
1200,6,2224.0,6371.0,4620.0
1384,9,2223.0,1923.0,1923.0
945,7,2222.0,1883.0,2421.0
2020,1,2220.0,2380.0,2499.0
1978,4,2218.0,2378.0,2378.0
1375,8,2216.0,2232.0,1869.0
1279,6,2216.0,4526.0,3449.0
968,9,2215.0,2155.0,1936.0
1096,7,2215.0,2322.0,1916.0
1673,9,2213.0,1973.0,2153.0
2213,3,2213.0,2213.0,2213.0
1897,3,2213.0,2529.0,2417.0
1608,5,2203.0,2351.0,2465.0
1429,6,2201.0,2599.0,2471.0
161,1,2198.0,2438.0,2638.0
939,8,2198.0,2209.0,1744.0
2191,1,2191.0,2191.0,2191.0
1126,1,2190.0,1567.0,1619.0
1782,3,2189.0,2269.0,2014.0
151,9,2187.0,2179.0,841.0
1048,7,2186.0,3492.0,3887.0
1690,3,2184.0,2057.0,2137.0
1898,7,2181.0,2154.0,2051.0
1694,4,2179.0,2500.0,1797.0
1684,1,2178.0,2131.0,2226.0
2172,3,2172.0,2172.0,2172.0
2151,2,2172.0,2291.0,2171.0
1951,6,2167.0,2408.0,2167.0
1864,9,2167.0,2113.0,2131.0
2166,6,2166.0,2166.0,2166.0
97,6,2163.0,1954.0,2473.0
2132,2,2158.0,2288.0,2158.0
2157,2,2157.0,2197.0,2157.0
148,8,2156.0,2178.0,2230.0
2156,2,2156.0,2156.0,2500.0
670,4,2155.0,1843.0,925.0
1066,8,2153.0,2242.0,1457.0
638,6,2153.0,1606.0,1885.0
1134,3,2152.0,6934.0,3040.0
1502,1,2151.0,1552.0,2151.0
652,6,2150.0,1431.0,1919.0
696,2,2149.0,2491.0,2253.0
234,5,2147.0,10947.0,8286.0
462,6,2145.0,2257.0,1965.0
1192,8,2144.0,2621.0,2290.0
844,10,2142.0,1214.0,1303.0
494,9,2142.0,2028.0,1860.0
575,6,2140.0,2112.0,3604.0
61,7,2139.0,2319.0,940.0
2138,2,2138.0,2138.0,2138.0
2016,7,2136.0,2016.0,2056.0
668,5,2135.0,2323.0,2002.0
1803,2,2135.0,2172.0,2247.0
1293,9,2135.0,2195.0,1991.0
1977,1,2133.0,2055.0,2029.0
1649,4,2132.0,2220.0,2166.0
2127,1,2127.0,2127.0,2127.0
1420,5,2125.0,1821.0,2421.0
630,2,2123.0,2255.0,2051.0
445,7,2122.0,1926.0,1609.0
997,3,2121.0,1863.0,1674.0
2121,1,2121.0,2121.0,2121.0
1970,4,2120.0,2120.0,2020.0
1997,4,2117.0,2256.0,2277.0
1171,7,2115.0,2471.0,2626.0
1196,1,2114.0,1540.0,1357.0
1077,3,2107.0,1883.0,1838.0
2105,2,2105.0,2105.0,2105.0
1785,2,2104.0,1905.0,1965.0
253,8,2102.0,4901.0,3108.0
2101,1,2101.0,2101.0,2101.0
838,7,2096.0,5554.0,3932.0
1266,8,2094.0,1930.0,1563.0
2044,4,2094.0,2094.0,2044.0
488,10,2093.0,3085.0,2789.0
1491,2,2091.0,1591.0,1591.0
2080,4,2091.0,2080.0,2080.0
1910,1,2090.0,2000.0,2060.0
1851,2,2090.0,2330.0,2330.0
2089,4,2089.0,2089.0,2089.0
1777,4,2085.0,2076.0,1946.0
2083,1,2083.0,2083.0,2083.0
757,7,2079.0,2069.0,1806.0
2079,1,2079.0,2079.0,2079.0
1758,2,2077.0,2077.0,2037.0
1269,8,2077.0,2329.0,1732.0
1328,9,2076.0,3017.0,1839.0
660,10,2076.0,1888.0,1285.0
2074,3,2074.0,2864.0,3277.0
1392,6,2073.0,1931.0,1741.0
1084,2,2072.0,2222.0,1953.0
2069,2,2069.0,2069.0,2069.0
321,10,2068.0,2120.0,1705.0
2055,2,2068.0,2068.0,2068.0
542,8,2063.0,2812.0,2290.0
1895,2,2061.0,1955.0,1915.0
1321,9,2061.0,2397.0,2728.0
1923,1,2053.0,2053.0,2001.0
1872,1,2052.0,1962.0,2067.0
1638,7,2051.0,2059.0,2059.0
1150,1,2051.0,1916.0,1367.0
69,5,2047.0,2443.0,2636.0
2007,1,2047.0,2067.0,2067.0
1941,7,2045.0,2233.0,2007.0
1933,4,2045.0,2559.0,2267.0
2043,1,2043.0,2043.0,2043.0
1414,7,2043.0,1903.0,1811.0
971,4,2042.0,3246.0,4536.0
909,5,2040.0,10398.0,6088.0
1581,6,2040.0,1601.0,1601.0
849,10,2039.0,1993.0,1753.0
1510,1,2038.0,1923.0,1992.0
1819,3,2034.0,2132.0,2007.0
147,4,2033.0,975.0,646.0
1597,2,2031.0,2097.0,2008.0
2031,3,2031.0,2031.0,2031.0
1337,5,2030.0,1760.0,2080.0
673,7,2029.0,1755.0,1773.0
1173,7,2029.0,2231.0,2194.0
1074,8,2028.0,3242.0,4740.0
371,8,2027.0,1993.0,1428.0
1349,4,2027.0,1808.0,1708.0
430,10,2023.0,6556.0,3710.0
139,10,2022.0,1685.0,1547.0
1725,9,2020.0,3595.0,3575.0
1899,4,2019.0,1951.0,2023.0
329,10,2017.0,5884.0,3824.0
2017,2,2017.0,2017.0,2017.0
446,10,2012.0,1563.0,1371.0
29,3,2011.0,1996.0,1726.0
509,5,2011.0,949.0,2931.0
896,6,2009.0,10933.0,5213.0
798,6,2007.0,1573.0,1924.0
1555,4,2004.0,2012.0,4911.0
1976,3,2002.0,2002.0,1976.0
1504,2,1999.0,2253.0,2388.0
1129,5,1999.0,2253.0,2090.0
1339,4,1999.0,2239.0,1884.0
1832,3,1998.0,3491.0,3170.0
950,4,1996.0,1820.0,1740.0
1995,2,1995.0,1995.0,1995.0
310,10,1995.0,1959.0,1335.0
1974,2,1994.0,1974.0,1994.0
377,1,1993.0,1674.0,1215.0
1295,7,1989.0,2049.0,2229.0
1930,3,1988.0,1938.0,1954.0
146,9,1987.0,2409.0,2429.0
659,6,1987.0,2364.0,2759.0
1986,2,1986.0,1986.0,1986.0
1609,2,1986.0,2058.0,2076.0
1985,2,1985.0,1985.0,1985.0
1862,4,1982.0,2062.0,2046.0
901,7,1981.0,3116.0,2134.0
1281,4,1978.0,1780.0,2240.0
1517,4,1976.0,2015.0,1831.0
1040,5,1976.0,1837.0,1727.0
1955,4,1975.0,1975.0,2005.0
1085,5,1975.0,2127.0,1919.0
1811,10,1973.0,1901.0,1973.0
1030,4,1972.0,1827.0,1614.0
1416,8,1972.0,1781.0,1719.0
1689,1,1969.0,1769.0,1769.0
1569,1,1968.0,2248.0,1968.0
1786,1,1968.0,2072.0,1864.0
1044,10,1967.0,6226.0,5315.0
528,4,1967.0,1942.0,1196.0
928,5,1964.0,1563.0,1419.0
1655,4,1964.0,1904.0,1934.0
1963,4,1963.0,1963.0,1963.0
1962,2,1962.0,1962.0,1962.0
1417,5,1958.0,1910.0,1676.0
1957,2,1957.0,1957.0,1957.0
621,2,1956.0,7375.0,5689.0
1278,1,1953.0,1434.0,1512.0
1716,5,1951.0,2844.0,2619.0
1402,5,1950.0,2304.0,1830.0
1426,2,1944.0,1905.0,1646.0
1943,3,1943.0,1943.0,1943.0
543,2,1943.0,1576.0,1851.0
1072,9,1936.0,1938.0,1875.0
17,7,1934.0,1792.0,1790.0
1159,4,1933.0,1925.0,2180.0
1140,9,1932.0,1962.0,2625.0
1931,1,1931.0,1931.0,1931.0
190,10,1927.0,1601.0,1472.0
1122,3,1927.0,1823.0,1983.0
1364,3,1923.0,1903.0,1943.0
1621,3,1920.0,1900.0,2140.0
1566,3,1917.0,2021.0,2007.0
389,10,1917.0,2181.0,1895.0
1915,1,1915.0,1915.0,1915.0
588,6,1915.0,1646.0,1895.0
970,7,1914.0,1868.0,1816.0
1647,2,1912.0,4582.0,2636.0
1055,8,1911.0,1729.0,1697.0
1599,1,1910.0,1910.0,1988.0
727,3,1910.0,2028.0,2195.0
1411,10,1910.0,2813.0,2082.0
1909,3,1909.0,1909.0,1909.0
1549,6,1908.0,1962.0,2034.0
99,7,1908.0,1247.0,1663.0
1178,2,1903.0,1706.0,1508.0
1900,1,1900.0,1900.0,1900.0
1692,1,1899.0,1922.0,2082.0
352,9,1898.0,1443.0,2313.0
1705,6,1896.0,1853.0,1849.0
1816,1,1896.0,1916.0,1896.0
1877,2,1895.0,1877.0,1877.0
178,9,1895.0,3075.0,2582.0
316,5,1894.0,1707.0,1307.0
956,9,1890.0,1441.0,1293.0
1889,5,1889.0,1889.0,1889.0
1859,1,1889.0,1889.0,1889.0
1323,4,1889.0,1668.0,1455.0
1603,6,1888.0,1888.0,2122.0
734,7,1887.0,2278.0,2547.0
1039,5,1886.0,1348.0,1223.0
249,5,1883.0,1261.0,1496.0
1733,3,1883.0,1999.0,1759.0
683,4,1881.0,2300.0,1701.0
1876,2,1876.0,1876.0,1876.0
1194,3,1874.0,1701.0,1409.0
490,7,1870.0,2929.0,1820.0
825,4,1867.0,1625.0,2632.0
1824,1,1864.0,1864.0,1864.0
536,4,1863.0,1444.0,1254.0
1528,3,1862.0,1868.0,1769.0
1861,1,1861.0,1861.0,1861.0
1643,2,1861.0,1772.0,1886.0
742,3,1861.0,1509.0,1158.0
1482,9,1860.0,2100.0,2289.0
1117,6,1859.0,3786.0,2216.0
1855,1,1855.0,1855.0,1855.0
1852,3,1852.0,1852.0,1852.0
1530,2,1851.0,1760.0,1828.0
1849,3,1849.0,1929.0,1881.0
615,5,1849.0,1739.0,2889.0
1199,2,1848.0,1614.0,1874.0
1242,9,1847.0,2070.0,2049.0
1136,5,1843.0,3580.0,2274.0
998,1,1843.0,1205.0,1301.0
1437,8,1843.0,3100.0,3297.0
1419,7,1842.0,1638.0,1628.0
1842,2,1842.0,1842.0,1842.0
1776,2,1840.0,2000.0,1866.0
1550,4,1837.0,2068.0,3023.0
447,7,1836.0,1444.0,503.0
961,10,1835.0,2518.0,2349.0
830,2,1835.0,1744.0,1692.0
1751,6,1833.0,1751.0,1751.0
1459,4,1830.0,1835.0,1572.0
1828,2,1828.0,1828.0,1828.0
372,5,1826.0,1888.0,1503.0
620,5,1826.0,1507.0,1381.0
1190,6,1822.0,1678.0,8146.0
1798,2,1821.0,1798.0,5035.0
1345,3,1820.0,1856.0,1491.0
1333,1,1818.0,2123.0,2320.0
1802,4,1814.0,1802.0,1802.0
1814,7,1814.0,1894.0,2642.0
502,10,1813.0,1681.0,2192.0
1681,6,1811.0,1811.0,1867.0
1767,2,1807.0,1847.0,1767.0
1147,1,1806.0,1746.0,1417.0
1630,2,1805.0,1774.0,1710.0
326,6,1805.0,1779.0,1390.0
1006,4,1804.0,2829.0,2331.0
598,9,1802.0,1982.0,2845.0
410,9,1801.0,1614.0,1195.0
1801,2,1801.0,1801.0,1801.0
1618,1,1798.0,1738.0,1678.0
1564,3,1798.0,1798.0,2181.0
720,4,1798.0,1289.0,1948.0
495,5,1793.0,2059.0,2435.0
1748,3,1788.0,1828.0,1768.0
1787,2,1787.0,1787.0,1787.0
134,5,1786.0,1732.0,2134.0
771,7,1782.0,3349.0,6411.0
1382,4,1781.0,1502.0,1492.0
75,1,1781.0,2145.0,1939.0
791,7,1780.0,1581.0,1128.0
1026,3,1776.0,1361.0,1425.0
559,3,1775.0,1536.0,1906.0
1102,4,1775.0,1478.0,1283.0
1520,3,1772.0,1698.0,1626.0
747,4,1772.0,3767.0,1377.0
1219,7,1772.0,9075.0,6355.0
297,7,1771.0,1438.0,825.0
1770,4,1770.0,1810.0,1778.0
782,5,1769.0,4520.0,3445.0
1727,3,1766.0,1727.0,1753.0
166,6,1764.0,1105.0,925.0
1152,7,1760.0,1559.0,1449.0
1760,1,1760.0,1760.0,1760.0
1611,3,1756.0,3018.0,2042.0
1620,6,1755.0,1873.0,1820.0
259,8,1753.0,3759.0,894.0
1752,2,1752.0,1752.0,1752.0
1680,2,1752.0,1775.0,1783.0
1259,2,1750.0,1438.0,1355.0
1028,10,1747.0,2148.0,2085.0
1004,6,1746.0,3109.0,1283.0
239,5,1744.0,1993.0,2113.0
1326,7,1743.0,1655.0,1696.0
765,7,1742.0,1416.0,1228.0
1095,8,1742.0,12955.0,4659.0
1741,3,1741.0,1741.0,1741.0
1670,3,1739.0,1945.0,1831.0
54,8,1735.0,1851.0,2276.0
1616,5,1732.0,1784.0,1853.0
824,4,1729.0,5281.0,3212.0
625,4,1726.0,1869.0,2047.0
1174,7,1725.0,1518.0,1406.0
525,6,1725.0,1473.0,1385.0
735,3,1723.0,2203.0,3281.0
1723,1,1723.0,1723.0,1723.0
1642,1,1722.0,1642.0,1662.0
1722,1,1722.0,1722.0,1722.0
473,4,1720.0,11049.0,6499.0
1448,9,1715.0,2119.0,1673.0
1193,2,1714.0,1570.0,1612.0
1713,1,1713.0,1713.0,1713.0
1707,1,1707.0,1707.0,1707.0
19,9,1707.0,1496.0,1793.0
1320,5,1705.0,1595.0,1751.0
1702,1,1702.0,1702.0,1702.0
1701,1,1701.0,1701.0,1701.0
1637,8,1700.0,1769.0,2460.0
451,6,1700.0,1869.0,1866.0
23,9,1699.0,2034.0,1874.0
1180,1,1699.0,1699.0,1465.0
1696,2,1696.0,1722.0,1696.0
1615,9,1695.0,1655.0,1615.0
449,7,1693.0,1721.0,1165.0
1299,7,1689.0,1999.0,1477.0
1542,2,1686.0,1614.0,1668.0
364,7,1676.0,1684.0,2250.0
191,6,1673.0,1188.0,1096.0
1012,3,1673.0,1797.0,2071.0
1311,2,1670.0,1760.0,1843.0
390,3,1669.0,1509.0,1779.0
810,9,1666.0,1332.0,1105.0
1298,2,1665.0,1394.0,1442.0
1282,7,1664.0,2795.0,1929.0
1424,3,1664.0,1556.0,1556.0
1662,1,1662.0,1662.0,1662.0
1660,1,1660.0,1660.0,1660.0
1659,1,1659.0,1659.0,1659.0
1657,6,1657.0,2466.0,1927.0
1058,2,1657.0,1597.0,1318.0
891,3,1656.0,1221.0,1329.0
1158,8,1651.0,1567.0,1538.0
902,8,1650.0,1660.0,1263.0
279,5,1650.0,2076.0,2730.0
1590,2,1650.0,3058.0,1830.0
409,9,1648.0,1618.0,1366.0
223,4,1648.0,1352.0,1231.0
296,6,1647.0,1207.0,1465.0
1570,1,1647.0,1658.0,1789.0
657,6,1646.0,1765.0,1351.0
1464,4,1644.0,1812.0,1841.0
106,3,1644.0,1254.0,1437.0
1563,2,1643.0,1563.0,1643.0
188,10,1642.0,919.0,984.0
1098,6,1640.0,3134.0,2304.0
1329,2,1640.0,1523.0,1510.0
767,5,1639.0,1570.0,790.0
1398,3,1637.0,1657.0,1578.0
1204,6,1635.0,1443.0,1397.0
1587,2,1635.0,1611.0,1587.0
1634,1,1634.0,1634.0,1634.0
1360,4,1631.0,1663.0,1440.0
252,7,1631.0,1216.0,804.0
220,7,1627.0,1855.0,1538.0
883,2,1625.0,1613.0,1386.0
289,4,1623.0,1861.0,2896.0
1486,1,1615.0,1634.0,1560.0
1610,2,1610.0,1610.0,1610.0
1160,2,1609.0,1472.0,1695.0
1257,3,1607.0,1657.0,1457.0
916,1,1604.0,1490.0,1536.0
1363,2,1603.0,1393.0,1822.0
167,1,1603.0,1477.0,1675.0
1394,1,1602.0,1576.0,1628.0
238,6,1601.0,1778.0,1236.0
1371,5,1600.0,1669.0,1440.0
1201,4,1599.0,1569.0,1350.0
1595,3,1595.0,1595.0,1595.0
244,10,1595.0,6791.0,1124.0
1594,1,1594.0,1594.0,1594.0
375,2,1592.0,1532.0,894.0
922,4,1592.0,9854.0,5851.0
1307,2,1592.0,1774.0,1722.0
1447,1,1591.0,1555.0,1483.0
1585,1,1585.0,1585.0,1585.0
1465,1,1585.0,1555.0,1525.0
974,1,1584.0,1566.0,1495.0
797,8,1583.0,1852.0,2375.0
53,9,1583.0,12075.0,8332.0
30,5,1580.0,2072.0,1709.0
1131,4,1580.0,1438.0,1286.0
163,6,1579.0,2555.0,3593.0
955,2,1579.0,2486.0,2999.0
407,10,1574.0,1587.0,1464.0
136,3,1574.0,1734.0,1734.0
946,1,1568.0,1696.0,1456.0
821,4,1567.0,1494.0,1222.0
1241,5,1564.0,1564.0,1403.0
1354,6,1562.0,1743.0,1743.0
1559,3,1559.0,1559.0,1559.0
1557,1,1557.0,1557.0,1557.0
967,5,1557.0,1312.0,1327.0
898,4,1556.0,2836.0,2944.0
1396,4,1556.0,1456.0,1476.0
1536,1,1554.0,1572.0,1536.0
224,8,1553.0,5199.0,6341.0
1500,2,1550.0,1530.0,1609.0
1472,4,1547.0,1521.0,1567.0
181,8,1545.0,1115.0,954.0
754,3,1544.0,1624.0,1285.0
183,3,1541.0,1445.0,1717.0
1332,4,1540.0,1669.0,1643.0
1145,4,1534.0,2587.0,2982.0
1533,3,1533.0,1533.0,1533.0
1529,2,1529.0,1529.0,1529.0
752,7,1522.0,1785.0,1546.0
56,6,1520.0,1543.0,1434.0
1475,3,1517.0,1475.0,1475.0
764,2,1517.0,1309.0,1594.0
1497,3,1517.0,1527.0,1527.0
1334,4,1514.0,1604.0,1574.0
1023,1,1501.0,1680.0,1570.0
1139,1,1499.0,1578.0,1578.0
1213,3,1499.0,1348.0,1292.0
1496,1,1496.0,1496.0,1496.0
576,2,1494.0,1414.0,1174.0
276,7,1490.0,2538.0,1892.0
1265,4,1488.0,1424.0,1329.0
339,4,1486.0,1755.0,1975.0
486,3,1485.0,1735.0,1285.0
1480,1,1480.0,1516.0,1570.0
601,7,1479.0,1582.0,936.0
235,9,1478.0,1169.0,962.0
180,9,1475.0,2382.0,1718.0
1045,5,1474.0,1314.0,1194.0
1091,4,1471.0,1376.0,1196.0
1119,2,1469.0,4758.0,3476.0
529,10,1468.0,1602.0,1130.0
348,7,1467.0,4928.0,2879.0
1466,3,1466.0,1466.0,1466.0
866,4,1464.0,1584.0,1325.0
1372,1,1462.0,1372.0,1372.0
646,8,1462.0,1340.0,1340.0
717,3,1461.0,967.0,926.0
722,2,1458.0,1314.0,1189.0
1457,1,1457.0,1457.0,1457.0
214,8,1455.0,1240.0,836.0
749,6,1451.0,1124.0,1071.0
593,8,1449.0,1704.0,1447.0
485,7,1448.0,1420.0,944.0
591,4,1447.0,1803.0,1835.0
1114,2,1440.0,1372.0,1293.0
1317,3,1437.0,2396.0,1547.0
1185,3,1435.0,1379.0,1368.0
762,7,1433.0,2511.0,1801.0
112,5,1432.0,1423.0,458.0
1081,2,1429.0,1429.0,1389.0
777,6,1428.0,4595.0,4754.0
121,3,1427.0,818.0,1019.0
1301,1,1421.0,1331.0,1361.0
1209,1,1419.0,1449.0,1449.0
1415,1,1415.0,1415.0,1415.0
1106,2,1403.0,1377.0,1306.0
177,5,1400.0,1783.0,1278.0
816,3,1400.0,1384.0,1193.0
1297,7,1399.0,1686.0,1586.0
1397,2,1397.0,1397.0,1415.0
35,8,1392.0,1773.0,1242.0
1387,4,1391.0,1387.0,1387.0
835,4,1391.0,1302.0,1176.0
1366,2,1390.0,1382.0,1374.0
518,7,1389.0,1714.0,2046.0
1388,1,1388.0,1388.0,1388.0
874,9,1385.0,3467.0,2300.0
1324,2,1384.0,1424.0,1324.0
843,5,1384.0,1234.0,1152.0
395,2,1383.0,994.0,1054.0
586,9,1380.0,4571.0,2417.0
807,3,1378.0,1102.0,1066.0
1376,1,1376.0,1376.0,1376.0
435,4,1374.0,1744.0,1134.0
894,5,1372.0,1099.0,972.0
574,4,1369.0,1134.0,760.0
931,5,1368.0,1238.0,1358.0
1068,2,1367.0,1587.0,1627.0
90,10,1367.0,1164.0,1185.0
790,6,1367.0,1427.0,1187.0
1359,1,1359.0,1359.0,1359.0
788,3,1357.0,1207.0,1147.0
540,5,1356.0,1142.0,1120.0
1284,2,1355.0,1421.0,1355.0
196,4,1350.0,797.0,1002.0
1092,7,1349.0,1333.0,1353.0
255,8,1348.0,1498.0,1255.0
988,4,1347.0,1288.0,1437.0
38,5,1346.0,1316.0,1247.0
1346,1,1346.0,1346.0,1346.0
1343,1,1343.0,1343.0,1343.0
1101,2,1341.0,1461.0,1181.0
433,5,1341.0,950.0,649.0
665,5,1341.0,1326.0,1649.0
622,8,1340.0,1677.0,1162.0
1340,6,1340.0,1340.0,1340.0
859,2,1338.0,1139.0,1099.0
450,7,1337.0,1195.0,2369.0
1216,5,1336.0,1416.0,1296.0
1335,2,1335.0,1335.0,1335.0
629,10,1334.0,1405.0,1176.0
924,5,1334.0,1578.0,1366.0
882,1,1331.0,1032.0,1032.0
871,5,1330.0,1428.0,1187.0
1020,2,1330.0,1163.0,1068.0
228,3,1329.0,1329.0,1114.0
1047,1,1327.0,1167.0,1207.0
1327,1,1327.0,1327.0,1327.0
1325,1,1325.0,1325.0,1325.0
986,8,1324.0,1004.0,1066.0
243,6,1320.0,1700.0,902.0
769,2,1319.0,3972.0,2336.0
1226,2,1317.0,1317.0,1291.0
324,5,1312.0,18800.0,11750.0
1312,5,1312.0,1312.0,1312.0
437,8,1308.0,1322.0,1762.0
1056,5,1308.0,1939.0,2204.0
776,7,1305.0,1506.0,1235.0
1305,3,1305.0,1305.0,1305.0
1015,4,1304.0,1250.0,1426.0
1304,1,1304.0,2840.0,2521.0
213,9,1302.0,1436.0,946.0
64,2,1302.0,1421.0,1317.0
1249,1,1299.0,1349.0,1549.0
573,4,1292.0,1112.0,962.0
1291,1,1291.0,1291.0,1291.0
1290,1,1290.0,1290.0,1290.0
979,3,1290.0,1510.0,1355.0
957,3,1286.0,1406.0,1256.0
1285,1,1285.0,1285.0,1285.0
942,5,1285.0,1484.0,1471.0
738,5,1281.0,1059.0,1231.0
470,6,1281.0,1249.0,1309.0
842,6,1278.0,1220.0,1132.0
1276,1,1276.0,1276.0,1276.0
856,7,1275.0,1365.0,1126.0
604,5,1274.0,1107.0,1374.0
1272,1,1272.0,1292.0,1352.0
293,6,1271.0,3930.0,893.0
370,3,1268.0,2701.0,1536.0
351,9,1265.0,1070.0,867.0
1135,3,1265.0,1345.0,1213.0
1263,1,1263.0,1263.0,1263.0
718,8,1257.0,948.0,1048.0
989,5,1257.0,1179.0,1145.0
217,5,1254.0,1540.0,933.0
1253,2,1253.0,1253.0,1253.0
888,7,1253.0,1075.0,1165.0
1130,3,1250.0,1280.0,1280.0
1067,1,1246.0,1175.0,1211.0
1245,3,1245.0,2257.0,1245.0
1244,2,1244.0,1244.0,1244.0
1052,5,1244.0,1350.0,1185.0
1243,2,1243.0,1243.0,1243.0
541,10,1240.0,2187.0,1432.0
81,10,1239.0,1241.0,967.0
48,8,1238.0,3678.0,2074.0
789,1,1238.0,1118.0,909.0
1154,2,1234.0,1186.0,1186.0
1230,1,1230.0,1230.0,1230.0
1229,3,1229.0,1255.0,1229.0
1120,2,1229.0,1170.0,1150.0
973,3,1228.0,1069.0,1148.0
863,1,1226.0,1148.0,1304.0
1225,2,1225.0,1225.0,1255.0
397,8,1224.0,597.0,906.0
1224,1,1224.0,1224.0,1224.0
763,9,1222.0,1323.0,1402.0
1112,1,1221.0,1192.0,1162.0
1165,1,1220.0,1228.0,1236.0
1220,3,1220.0,1220.0,1702.0
639,2,1210.0,1366.0,1080.0
458,6,1209.0,1034.0,875.0
818,9,1208.0,1314.0,1287.0
1208,1,1208.0,1208.0,1208.0
492,4,1202.0,860.0,825.0
1202,1,1202.0,1202.0,1217.0
785,2,1200.0,1070.0,993.0
1014,5,1200.0,1517.0,1485.0
281,6,1198.0,1117.0,964.0
1195,1,1195.0,1195.0,1195.0
1018,5,1194.0,1158.0,1138.0
910,3,1192.0,1388.0,1010.0
829,2,1188.0,1228.0,1148.0
864,4,1187.0,1112.0,1157.0
1184,3,1184.0,1184.0,1184.0
264,6,1184.0,1493.0,1618.0
880,2,1180.0,980.0,930.0
868,10,1179.0,6096.0,4757.0
1107,3,1176.0,1268.0,1359.0
98,8,1173.0,1094.0,857.0
1034,2,1168.0,1228.0,1113.0
548,10,1164.0,997.0,979.0
1162,1,1162.0,1162.0,1162.0
201,3,1162.0,1126.0,1026.0
1042,4,1162.0,1162.0,1102.0
87,7,1160.0,1097.0,984.0
836,5,1159.0,1113.0,979.0
46,5,1156.0,986.0,811.0
1156,1,1156.0,1156.0,1156.0
895,4,1154.0,1170.0,1196.0
16,6,1154.0,705.0,495.0
796,6,1153.0,2038.0,1360.0
514,4,1153.0,1073.0,694.0
1049,1,1150.0,1126.0,1156.0
1123,4,1149.0,1149.0,1123.0
1144,1,1144.0,1144.0,1144.0
1142,2,1142.0,1142.0,1142.0
647,5,1140.0,1158.0,938.0
211,6,1140.0,1322.0,726.0
1138,1,1138.0,1138.0,1294.0
878,7,1138.0,1099.0,1076.0
960,2,1135.0,1104.0,1183.0
725,4,1134.0,1803.0,3091.0
512,4,1130.0,4460.0,5112.0
101,8,1129.0,3787.0,1680.0
1075,5,1129.0,1129.0,1093.0
165,2,1122.0,883.0,763.0
833,5,1120.0,1188.0,1402.0
876,8,1109.0,1002.0,966.0
608,2,1108.0,1008.0,1168.0
202,3,1108.0,678.0,549.0
780,5,1103.0,1077.0,1557.0
83,7,1101.0,862.0,1251.0
43,9,1100.0,1239.0,1428.0
469,5,1094.0,1605.0,1171.0
1089,1,1089.0,1089.0,1089.0
1087,2,1087.0,1087.0,1087.0
1086,1,1086.0,1086.0,1086.0
158,3,1083.0,1163.0,4530.0
674,5,1077.0,1149.0,1149.0
421,10,1077.0,2826.0,1551.0
645,5,1074.0,1147.0,841.0
582,4,1068.0,1134.0,1179.0
1008,3,1068.0,1098.0,1208.0
589,9,1067.0,1186.0,1068.0
917,4,1061.0,953.0,1149.0
1057,1,1057.0,1057.0,1057.0
33,1,1054.0,1229.0,1150.0
870,2,1050.0,950.0,990.0
729,2,1049.0,929.0,849.0
187,2,1048.0,841.0,490.0
406,5,1047.0,1188.0,1224.0
412,6,1046.0,763.0,801.0
1029,2,1042.0,1029.0,1029.0
820,1,1039.0,1259.0,1159.0
1038,1,1038.0,1038.0,1038.0
750,3,1037.0,1005.0,1237.0
1037,7,1037.0,1063.0,1057.0
930,3,1030.0,1130.0,1030.0
873,1,1029.0,977.0,1029.0
1025,1,1025.0,1025.0,1055.0
694,7,1023.0,952.0,1191.0
852,1,1020.0,1098.0,1085.0
212,9,1020.0,3338.0,1307.0
1013,2,1013.0,1013.0,1013.0
114,4,1012.0,953.0,863.0
353,2,1012.0,642.0,712.0
49,4,1009.0,866.0,879.0
10,9,1009.0,1773.0,1992.0
944,6,1008.0,1056.0,1040.0
193,10,1005.0,2261.0,7916.0
770,3,1005.0,980.0,800.0
803,6,1003.0,843.0,843.0
936,2,996.0,1056.0,1146.0
73,7,993.0,1396.0,1464.0
623,5,991.0,1188.0,1192.0
273,7,989.0,651.0,728.0
545,4,985.0,1009.0,1051.0
22,9,985.0,1257.0,805.0
104,4,985.0,1068.0,463.0
921,5,981.0,1580.0,1700.0
940,5,980.0,940.0,940.0
368,10,978.0,734.0,646.0
900,4,978.0,1003.0,1002.0
531,3,977.0,959.0,1165.0
972,4,972.0,972.0,972.0
227,9,968.0,3310.0,2232.0
251,3,967.0,1017.0,818.0
914,2,966.0,914.0,1094.0
964,1,964.0,964.0,1198.0
912,3,964.0,951.0,977.0
452,7,960.0,685.0,621.0
832,3,960.0,960.0,928.0
282,2,960.0,1080.0,821.0
455,8,958.0,1131.0,1412.0
521,3,958.0,1083.0,1052.0
954,4,954.0,954.0,954.0
382,5,949.0,850.0,969.0
948,1,948.0,948.0,948.0
596,7,947.0,947.0,995.0
857,1,947.0,1007.0,917.0
947,1,947.0,947.0,947.0
650,4,947.0,1017.0,897.0
465,6,945.0,2081.0,2939.0
551,7,941.0,696.0,693.0
133,4,940.0,697.0,1830.0
721,6,937.0,973.0,1080.0
385,4,937.0,983.0,1077.0
775,6,936.0,913.0,1027.0
432,8,932.0,642.0,682.0
926,1,926.0,926.0,926.0
906,4,926.0,926.0,906.0
130,5,925.0,731.0,462.0
925,2,925.0,1045.0,1244.0
804,1,923.0,804.0,804.0
117,8,921.0,818.0,495.0
401,1,920.0,681.0,681.0
899,3,917.0,971.0,953.0
689,2,915.0,1474.0,835.0
911,2,911.0,911.0,911.0
93,9,909.0,1043.0,800.0
908,1,908.0,908.0,928.0
905,6,905.0,905.0,905.0
903,1,903.0,903.0,903.0
537,3,902.0,705.0,627.0
225,1,900.0,718.0,407.0
209,7,898.0,1137.0,1747.0
476,5,896.0,3726.0,1701.0
680,4,890.0,950.0,770.0
889,1,889.0,889.0,889.0
287,10,885.0,583.0,506.0
563,7,883.0,853.0,893.0
472,3,881.0,881.0,632.0
304,10,881.0,571.0,849.0
758,8,878.0,848.0,938.0
396,2,874.0,667.0,619.0
817,1,871.0,925.0,979.0
480,5,867.0,759.0,767.0
862,1,862.0,862.0,862.0
381,3,860.0,830.0,740.0
558,2,856.0,4735.0,1132.0
850,1,850.0,850.0,850.0
600,2,846.0,954.0,1128.0
300,1,845.0,741.0,560.0
783,1,843.0,803.0,793.0
837,3,837.0,837.0,937.0
236,5,834.0,715.0,476.0
781,3,831.0,831.0,781.0
706,3,830.0,854.0,795.0
808,4,828.0,848.0,848.0
411,4,828.0,941.0,959.0
826,2,826.0,826.0,826.0
580,5,825.0,981.0,879.0
345,9,824.0,2132.0,1355.0
461,4,824.0,772.0,876.0
319,6,815.0,921.0,1027.0
662,3,812.0,812.0,707.0
493,6,810.0,673.0,858.0
585,2,809.0,641.0,585.0
260,9,806.0,823.0,626.0
222,1,801.0,860.0,561.0
245,6,795.0,731.0,788.0
648,6,791.0,855.0,847.0
602,3,791.0,757.0,757.0
744,1,780.0,839.0,792.0
138,6,780.0,825.0,956.0
338,9,779.0,615.0,512.0
611,4,772.0,745.0,942.0
475,4,771.0,659.0,744.0
524,3,764.0,644.0,794.0
699,3,763.0,715.0,747.0
402,7,761.0,642.0,582.0
700,3,760.0,700.0,760.0
759,1,759.0,759.0,759.0
185,7,754.0,1004.0,904.0
682,7,752.0,852.0,722.0
751,2,751.0,751.0,751.0
337,5,750.0,656.0,822.0
230,3,749.0,509.0,250.0
688,2,748.0,768.0,808.0
746,2,746.0,746.0,746.0
740,3,740.0,890.0,3887.0
405,5,733.0,993.0,1359.0
732,4,732.0,732.0,732.0
564,4,731.0,795.0,691.0
731,1,731.0,731.0,731.0
678,4,730.0,738.0,824.0
571,2,721.0,691.0,691.0
37,2,716.0,397.0,117.0
713,1,713.0,713.0,713.0
712,1,712.0,712.0,712.0
552,1,712.0,727.0,584.0
686,3,712.0,712.0,699.0
143,7,711.0,654.0,569.0
709,1,709.0,709.0,709.0
499,2,709.0,848.0,788.0
506,1,706.0,706.0,586.0
205,8,706.0,690.0,660.0
443,3,705.0,730.0,683.0
547,8,697.0,727.0,697.0
644,2,696.0,657.0,722.0
215,3,695.0,855.0,775.0
695,1,695.0,695.0,695.0
434,4,694.0,642.0,616.0
693,3,693.0,693.0,693.0
691,2,691.0,691.0,691.0
12,7,691.0,611.0,547.0
690,1,690.0,690.0,690.0
429,1,688.0,2297.0,2920.0
539,5,688.0,1709.0,631.0
425,3,686.0,627.0,573.0
415,1,674.0,834.0,674.0
672,5,672.0,672.0,672.0
55,2,664.0,4541.0,5053.0
663,1,663.0,663.0,663.0
463,3,663.0,742.0,692.0
636,1,660.0,668.0,652.0
197,6,655.0,964.0,860.0
414,5,654.0,714.0,714.0
565,4,653.0,663.0,653.0
330,2,651.0,848.0,592.0
175,7,648.0,824.0,503.0
517,5,647.0,2799.0,2586.0
307,5,645.0,596.0,576.0
164,5,643.0,783.0,706.0
373,1,642.0,731.0,711.0
284,8,642.0,818.0,645.0
515,5,641.0,766.0,802.0
635,2,635.0,635.0,635.0
275,2,635.0,515.0,435.0
633,1,633.0,633.0,633.0
628,1,628.0,628.0,628.0
203,8,626.0,578.0,552.0
160,6,622.0,566.0,586.0
618,1,618.0,618.0,618.0
614,2,614.0,614.0,614.0
613,4,613.0,613.0,613.0
274,5,611.0,555.0,637.0
360,3,610.0,410.0,410.0
610,1,610.0,610.0,610.0
257,1,608.0,640.0,385.0
607,2,607.0,607.0,607.0
605,3,605.0,605.0,605.0
41,5,605.0,1558.0,1509.0
331,1,601.0,840.0,601.0
599,3,599.0,619.0,619.0
247,3,598.0,917.0,470.0
597,2,597.0,597.0,597.0
254,6,593.0,631.0,589.0
561,2,593.0,561.0,561.0
592,1,592.0,592.0,592.0
516,2,588.0,642.0,660.0
579,1,579.0,579.0,579.0
578,1,578.0,578.0,578.0
20,5,578.0,560.0,433.0
398,2,578.0,498.0,438.0
577,1,577.0,577.0,577.0
534,1,570.0,750.0,606.0
567,2,567.0,567.0,567.0
566,3,566.0,566.0,566.0
52,5,562.0,696.0,524.0
557,1,557.0,557.0,557.0
556,2,556.0,556.0,556.0
555,1,555.0,555.0,555.0
204,7,554.0,312.0,312.0
523,4,553.0,573.0,613.0
550,1,550.0,550.0,550.0
306,5,545.0,694.0,642.0
233,3,544.0,596.0,622.0
538,2,538.0,538.0,538.0
94,8,537.0,748.0,965.0
288,8,528.0,827.0,563.0
527,1,527.0,527.0,527.0
77,5,523.0,545.0,479.0
62,7,523.0,999.0,906.0
155,5,512.0,956.0,743.0
67,2,508.0,301.0,456.0
448,3,508.0,508.0,538.0
503,1,503.0,503.0,503.0
500,2,500.0,500.0,500.0
365,8,485.0,2703.0,3143.0
483,6,483.0,483.0,483.0
420,7,480.0,540.0,420.0
479,2,479.0,479.0,479.0
468,5,476.0,476.0,468.0
283,7,472.0,632.0,834.0
327,6,472.0,616.0,647.0
232,5,471.0,487.0,296.0
471,1,471.0,471.0,2088.0
31,1,471.0,491.0,691.0
70,1,470.0,350.0,190.0
466,1,466.0,466.0,466.0
125,1,460.0,3060.0,3443.0
460,2,460.0,460.0,460.0
454,1,454.0,454.0,454.0
218,4,441.0,401.0,464.0
441,1,441.0,441.0,441.0
440,1,440.0,440.0,440.0
170,1,439.0,511.0,421.0
109,5,428.0,428.0,229.0
423,1,423.0,423.0,423.0
159,7,422.0,467.0,520.0
172,6,417.0,447.0,415.0
416,3,416.0,3452.0,13417.0
15,3,415.0,415.0,814.0
413,3,413.0,413.0,413.0
128,4,413.0,388.0,284.0
92,4,412.0,531.0,412.0
195,2,403.0,195.0,221.0
400,1,400.0,400.0,400.0
168,4,398.0,306.0,306.0
334,3,397.0,400.0,357.0
295,3,395.0,295.0,308.0
219,4,393.0,345.0,393.0
391,3,391.0,391.0,391.0
78,3,385.0,285.0,166.0
383,1,383.0,403.0,503.0
95,2,364.0,322.0,290.0
363,3,363.0,363.0,363.0
349,3,349.0,349.0,349.0
346,1,346.0,346.0,346.0
312,2,344.0,312.0,312.0
343,3,343.0,359.0,359.0
342,3,342.0,342.0,342.0
332,1,332.0,332.0,332.0
241,5,331.0,390.0,381.0
135,9,327.0,3476.0,2231.0
285,8,325.0,884.0,285.0
325,3,325.0,325.0,325.0
323,1,323.0,323.0,323.0
262,5,322.0,442.0,262.0
258,1,318.0,328.0,367.0
317,3,317.0,317.0,407.0
79,2,310.0,408.0,249.0
308,1,308.0,308.0,308.0
298,2,302.0,306.0,306.0
140,1,300.0,180.0,160.0
291,2,291.0,304.0,291.0
280,1,280.0,280.0,280.0
278,1,278.0,278.0,278.0
157,7,274.0,340.0,254.0
107,7,272.0,442.0,565.0
5,5,272.0,276.0,312.0
272,2,272.0,272.0,272.0
271,1,271.0,271.0,271.0
269,3,269.0,269.0,269.0
266,1,266.0,266.0,266.0
11,8,262.0,658.0,365.0
57,3,237.0,147.0,117.0
72,1,232.0,72.0,104.0
171,4,231.0,171.0,171.0
229,2,229.0,229.0,229.0
71,3,221.0,370.0,191.0
221,3,221.0,221.0,221.0
3,6,209.0,83.0,83.0
208,3,208.0,208.0,208.0
102,1,206.0,128.0,258.0
45,3,205.0,170.0,52.0
200,2,200.0,200.0,200.0
176,1,176.0,176.0,176.0
88,9,168.0,750.0,510.0
7,1,157.0,357.0,107.0
116,7,156.0,136.0,186.0
156,3,156.0,156.0,156.0
154,1,154.0,154.0,154.0
122,4,154.0,138.0,154.0
153,2,153.0,153.0,153.0
152,1,152.0,1052.0,1751.0
141,2,141.0,171.0,141.0
132,1,132.0,132.0,132.0
127,2,127.0,127.0,127.0
126,3,126.0,126.0,126.0
124,2,124.0,124.0,124.0
58,5,118.0,108.0,108.0
113,7,113.0,113.0,113.0
86,3,86.0,86.0,86.0
85,1,85.0,85.0,85.0
76,1,76.0,76.0,76.0
51,1,51.0,51.0,51.0
40,1,48.0,60.0,48.0
13,2,13.0,13.0,13.0
