nfe,sales,dist,sales_norm,dist_norm,zipcodes,elapsed,hv,PF
1050000,820510,42956.52,0.679,0.235,45768 79227 24226 79594 82256 38448 21529 52382 88097 88289 12527 83115 3042 78078 46562 ,134547,0.6361,True
1050000,828927,42949.0,0.6709999999999999,0.235,45770 79227 24159 79639 88281 83026 82256 38448 21529 52382 88097 12527 3042 78078 46562 ,186861,0.6378,True
1050000,838970,42944.0,0.6609999999999999,0.235,79098 45770 24159 79639 88281 83064 82256 21529 52382 88097 12527 3042 78078 38479 46562 ,1573510,0.6407,True
1050000,853070,42922.0,0.647,0.23600000000000002,79299 45770 24106 79639 88281 83064 82256 21529 52382 88097 12527 3042 78078 38479 46562 ,192192,0.64,True
1050000,860152,42886.0,0.64,0.237,79299 45770 24106 79639 88281 38442 83064 82256 21529 52382 88097 12527 3042 78078 46562 ,192192,0.64,True
1050000,863384,42847.0,0.637,0.23800000000000002,79098 45770 24106 79594 88281 82256 38448 21529 52382 88097 12527 83115 3042 78078 46562 ,202837,0.637,True
1050000,863957,42846.0,0.636,0.23800000000000002,79299 45768 24106 79594 88281 38442 83064 82256 21529 52382 88097 12527 3042 78078 46562 ,185122,0.6394,True
1050000,865944,42841.0,0.634,0.239,79098 45770 24106 79639 88281 38442 83064 82256 21529 52382 88097 12527 3042 78078 46562 ,192192,0.64,True
1050000,945156,42823.0,0.555,0.239,42349 45768 79227 24159 79639 88281 83064 82256 21529 52382 88097 12527 3042 38479 46562 ,149531,0.6357,True
1050000,946710,42820.98,0.5529999999999999,0.239,42349 45768 79285 24159 79639 88281 83064 82256 52382 88097 21526 12527 3042 38479 46562 ,174803,0.637,True
1050000,951549,42813.0,0.5479999999999999,0.24,42349 45770 79294 24159 79639 88281 83064 82256 21529 52382 88097 12527 3042 38479 46562 ,1573510,0.6407,True
1050000,954493,42805.16,0.546,0.24,42349 45768 79285 24159 79639 88281 83064 82256 38448 21529 52382 88097 12527 3042 46562 ,174803,0.637,True
1050000,957013,42782.27,0.5429999999999999,0.24100000000000002,42349 45768 79285 24159 79639 88281 38442 83064 82256 21529 52382 88097 12527 3042 46562 ,174803,0.637,True
1050000,958631,42778.0,0.541,0.24100000000000002,42349 45770 79294 24159 79639 88281 38442 83064 82256 21529 52382 88097 12527 3042 46562 ,1573510,0.6407,True
1050000,959336,42769.41,0.541,0.24100000000000002,42349 45770 79285 79594 24159 88281 83064 82256 21529 52382 88097 12527 3042 38479 46562 ,122764,0.6364,True
1050000,961416,42764.0,0.539,0.24100000000000002,42117 79299 45770 24161 79639 88281 83064 82256 21529 52382 88097 12527 3053 38479 46562 ,1550179,0.6315,True
1050000,962737,42760.71,0.537,0.24100000000000002,42349 79299 45768 79594 24159 88281 83064 82256 21529 52382 88097 12527 3042 38479 46562 ,131032,0.6347,True
1050000,964859,42758.0,0.535,0.24100000000000002,42117 45770 79285 24106 79639 88281 83064 82256 21529 52382 88097 12527 3042 38479 46562 ,241196,0.6306,True
1050000,970942,42757.73,0.529,0.24100000000000002,42349 79299 45768 24161 79639 88281 83064 82256 38448 21529 52382 88097 12527 3042 46562 ,134880,0.6337,True
1050000,976741,42753.0,0.523,0.242,42349 79299 45770 24106 79639 88281 82256 38448 21529 52382 88097 12527 83115 3042 46562 ,211780,0.6357,True
1050000,978824,42734.0,0.521,0.242,42349 79299 45770 24106 79639 88281 83064 82256 21529 52382 88097 12527 3042 38479 46562 ,192191,0.64,True
1050000,979261,42730.0,0.521,0.242,42349 79299 45770 24106 79639 88281 38442 82256 21529 52382 88097 12527 83115 3042 46562 ,211780,0.6357,True
1050000,980586,42725.62,0.519,0.242,42349 79299 45768 24106 79639 88281 83064 82256 38448 21529 52382 88097 12527 3042 46562 ,134879,0.6337,True
1050000,983386,42721.0,0.517,0.243,42349 79299 45770 24106 79639 88281 83064 82256 38448 21529 52382 88097 12527 3042 46562 ,217550,0.6354,True
1050000,985906,42698.0,0.514,0.243,42349 79299 45770 24106 79639 88281 38442 83064 82256 21529 52382 88097 12527 3042 46562 ,192191,0.64,True
1050000,987191,42682.0,0.513,0.244,42349 79299 45768 24106 79594 88281 83064 82256 38448 21529 52382 88097 12527 3042 46562 ,1138672,0.635,True
1050000,989991,42677.0,0.51,0.244,42349 79299 45770 24106 79594 88281 83064 82256 38448 21529 52382 88097 12527 3042 46562 ,176080,0.6359,True
1050000,992511,42654.0,0.507,0.245,42349 79299 45770 24106 79594 88281 38442 83064 82256 21529 52382 88097 12527 3042 46562 ,192191,0.64,True
1050000,992983,42636.0,0.507,0.245,42349 79098 45768 24106 79594 88281 83064 82256 38448 21529 52382 88097 12527 3042 46562 ,202836,0.637,True
1050000,995783,42632.0,0.504,0.24600000000000002,42349 79098 45770 24106 79594 88281 83064 82256 38448 21529 52382 88097 12527 3042 46562 ,423906,0.631,True
1050000,998303,42609.0,0.502,0.24600000000000002,42349 79098 45770 24106 79594 88281 38442 83064 82256 21529 52382 88097 12527 3042 46562 ,192191,0.64,True
1050000,999076,42584.0,0.501,0.247,42349 79098 45770 24106 79594 88281 83064 82256 38448 21529 15732 52382 88097 3042 46562 ,1588694,0.634,True
1050000,1000378,42582.0,0.5,0.247,42349 79194 45770 24106 79594 88281 83064 82256 38448 21529 52382 88097 12527 3042 46562 ,176080,0.6359,True
1050000,1001596,42561.0,0.498,0.248,42349 79098 45770 24106 79594 88281 38442 83064 82256 21529 15732 52382 88097 3042 46562 ,215082,0.6358,True
1050000,1002898,42559.0,0.49700000000000005,0.248,42349 79194 45770 24106 79594 88281 38442 83064 82256 21529 52382 88097 12527 3042 46562 ,192191,0.64,True
1050000,1003671,42535.0,0.496,0.249,42349 79194 45770 24106 79594 88281 83064 82256 38448 21529 15732 52382 88097 3042 46562 ,3824347,0.6376,True
1050000,1004153,42530.0,0.496,0.249,42349 79194 45770 24106 79541 88281 83064 82256 38448 21529 52382 88097 12527 3042 46562 ,182608,0.6363,True
1050000,1006191,42512.0,0.494,0.25,42349 79194 45770 24106 79594 88281 38442 83064 82256 21529 15732 52382 88097 3042 46562 ,188009,0.6353,True
1050000,1006673,42507.0,0.493,0.25,42349 79194 45770 24106 79541 88281 38442 83064 82256 21529 52382 88097 12527 3042 46562 ,192191,0.64,True
1050000,1007446,42483.0,0.493,0.251,42349 79194 45770 24106 79541 88281 83064 82256 38448 21529 15732 52382 88097 3042 46562 ,219759,0.636,True
1050000,1007975,42467.0,0.49200000000000005,0.251,42349 79194 45770 24106 79541 88255 38442 83064 82256 21529 52382 88097 12527 3042 46562 ,182608,0.6363,True
1050000,1009966,42460.0,0.49,0.251,42349 79194 45770 24106 79541 88281 38442 83064 82256 21529 15732 52382 88097 3042 46562 ,191736,0.6361,True
1050000,1010411,42430.0,0.49,0.252,42349 79194 45770 24106 79541 83022 88281 82256 38448 21529 15732 52382 88097 3042 46562 ,217743,0.6364,True
1050000,1011268,42419.0,0.489,0.253,42349 79194 45770 24106 79541 88255 38442 83064 82256 21529 15732 52382 88097 3042 46562 ,3731156,0.6341,True
1050000,1012931,42407.0,0.48700000000000004,0.253,42349 79194 45770 24106 79541 83022 88281 38442 82256 21529 15732 52382 88097 3042 46562 ,192191,0.64,True
1050000,1013501,42387.92,0.486,0.254,42349 72138 45768 79285 24159 79639 88281 83064 82256 38448 21529 88097 12527 3042 46562 ,174802,0.637,True
1050000,1016389,42378.0,0.484,0.254,42115 72827 79299 45770 24161 79639 88281 83064 82256 21529 88097 12527 3042 38479 46562 ,203100,0.6239,True
1050000,1016477,42374.0,0.484,0.254,42117 79299 72810 45768 24106 79639 88281 83064 82256 21529 88097 12527 3042 38479 46562 ,186227,0.6301,True
1050000,1023224,42360.0,0.47700000000000004,0.255,42115 79299 72810 45770 24106 79639 88281 83064 82256 38448 21529 88097 12527 3042 46562 ,185310,0.6297,True
1050000,1023867,42347.0,0.47600000000000003,0.255,42117 72138 45770 79285 24106 79639 88281 83064 82256 21529 88097 12527 3042 38479 46562 ,241196,0.6306,True
1050000,1026033,42345.0,0.474,0.255,42115 72827 79299 45770 24106 79639 88281 83064 82256 21529 88097 12527 3042 38479 46562 ,203100,0.6239,True
1050000,1029453,42341.0,0.47100000000000003,0.255,42115 72138 79299 45770 24106 79639 88281 83064 82256 21529 88097 12527 3042 38479 46562 ,192191,0.64,True
1050000,1029950,42337.93,0.47,0.255,42349 72138 79299 45768 24161 79639 88281 83064 82256 38448 21529 88097 12527 3042 46562 ,134879,0.6337,True
1050000,1030068,42332.0,0.47,0.256,42117 72138 79299 45770 24106 79639 88281 83064 82256 21529 88097 12527 3042 38479 46562 ,241196,0.6306,True
1050000,1035749,42331.0,0.46399999999999997,0.256,42349 72138 79299 45770 24106 79639 88281 82256 38448 21529 88097 12527 83115 3042 46562 ,211779,0.6357,True
1050000,1037832,42318.0,0.462,0.256,42349 72138 79299 45770 24106 79639 88281 83064 82256 21529 88097 12527 3042 38479 46562 ,192191,0.64,True
1050000,1038269,42312.0,0.462,0.256,42349 72138 79299 45770 24106 79639 88281 38442 82256 21529 88097 12527 83115 3042 46562 ,211779,0.6357,True
1050000,1039594,42305.61,0.46,0.256,42349 72138 79299 45768 24106 79639 88281 83064 82256 38448 21529 88097 12527 3042 46562 ,134879,0.6337,True
1050000,1042394,42300.0,0.45799999999999996,0.257,42349 72138 79299 45770 24106 79639 88281 83064 82256 38448 21529 88097 12527 3042 46562 ,206582,0.637,True
1050000,1044914,42281.0,0.455,0.257,42349 72138 79299 45770 24106 79639 88281 38442 83064 82256 21529 88097 12527 3042 46562 ,192191,0.64,True
1050000,1046199,42261.47,0.45399999999999996,0.258,42349 72138 79299 45768 24106 79594 88281 83064 82256 38448 21529 88097 12527 3042 46562 ,134879,0.6337,True
1050000,1048999,42256.0,0.451,0.258,42349 72138 79299 45770 24106 79594 88281 83064 82256 38448 21529 88097 12527 3042 46562 ,211779,0.6357,True
1050000,1051519,42237.0,0.44799999999999995,0.259,42349 72138 79299 45770 24106 79594 88281 38442 83064 82256 21529 88097 12527 3042 46562 ,192191,0.64,True
1050000,1051991,42215.16,0.44799999999999995,0.259,42349 72138 79098 45768 24106 79594 88281 83064 82256 38448 21529 88097 12527 3042 46562 ,134879,0.6337,True
1050000,1054791,42209.36,0.445,0.26,42349 72138 79098 45770 24106 79594 88281 83064 82256 38448 21529 88097 12527 3042 46562 ,125497,0.6351,True
1050000,1057311,42191.0,0.44299999999999995,0.26,42349 72138 79098 45770 24106 79594 88281 38442 83064 82256 21529 88097 12527 3042 46562 ,192191,0.64,True
1050000,1058299,42165.0,0.442,0.261,42349 72138 79108 45770 24106 79594 88281 38442 83064 82256 21529 88097 12527 3042 46562 ,182802,0.6379,True
1050000,1059386,42161.0,0.441,0.261,42349 79194 72138 45770 24106 79594 88281 83064 82256 38448 21529 88097 12527 3042 46562 ,182773,0.6309,True
1050000,1060604,42144.0,0.439,0.262,42349 72138 79098 45770 24106 79594 88281 38442 83064 82256 21529 15732 88097 3042 46562 ,215081,0.6358,True
1050000,1061906,42142.0,0.43799999999999994,0.262,42349 79194 72138 45770 24106 79594 88281 38442 83064 82256 21529 88097 12527 3042 46562 ,176080,0.6359,True
1050000,1062679,42114.0,0.43700000000000006,0.263,42349 79194 72138 45770 24106 79594 88281 83064 82256 38448 21529 15732 88097 3042 46562 ,215081,0.6358,True
1050000,1063161,42111.13,0.43700000000000006,0.263,42349 79194 72138 45770 24106 79541 88281 83064 82256 38448 21529 88097 12527 3042 46562 ,137034,0.6296,True
1050000,1063208,42101.0,0.43700000000000006,0.263,42349 79194 72138 45770 24106 79594 88255 38442 83064 82256 21529 88097 12527 3042 46562 ,3863703,0.6307,True
1050000,1065199,42095.0,0.435,0.264,42349 79194 72138 45770 24106 79594 88281 38442 83064 82256 21529 15732 88097 3042 46562 ,192191,0.64,True
1050000,1065681,42092.29,0.434,0.264,42349 79194 72138 45770 24106 79541 88281 38442 83064 82256 21529 88097 12527 3042 46562 ,131511,0.6367,True
1050000,1066454,42064.0,0.434,0.265,42349 79194 72138 45770 24106 79541 88281 83064 82256 38448 21529 15732 88097 3042 46562 ,219759,0.636,True
1050000,1066501,42054.12,0.433,0.265,42349 79194 72138 45770 24106 79594 88255 38442 83064 82256 21529 15732 88097 3042 46562 ,140013,0.6372,True
1050000,1066983,42051.46,0.433,0.265,42349 79194 72138 45770 24106 79541 88255 38442 83064 82256 21529 88097 12527 3042 46562 ,132801,0.6362,True
1050000,1067362,42046.61,0.433,0.265,42349 79194 72138 45770 24106 79594 88281 83026 38442 82256 21529 15732 88097 3042 46562 ,134054,0.6363,True
1050000,1068974,42045.29,0.431,0.265,42349 79194 72138 45770 24106 79541 88281 38442 83064 82256 21529 15732 88097 3042 46562 ,134846,0.6338,True
1050000,1069419,42014.0,0.431,0.266,42349 79194 72138 45770 24106 79541 83022 88281 82256 38448 21529 15732 88097 3042 46562 ,219759,0.636,True
1050000,1070276,42004.44,0.43,0.267,42349 79194 72138 45770 24106 79541 88255 38442 83064 82256 21529 15732 88097 3042 46562 ,133555,0.6352,True
1050000,1071137,41997.04,0.429,0.267,42349 79194 72138 45770 24106 79541 88281 83026 38442 82256 21529 15732 88097 3042 46562 ,134054,0.6363,True
1050000,1071939,41995.0,0.428,0.267,42349 79194 72138 45770 24106 79541 83022 88281 38442 82256 21529 15732 88097 3042 46562 ,182773,0.6309,True
1050000,1071959,41967.13,0.428,0.268,42349 79194 72138 45770 24106 79541 88255 38442 83064 82256 21529 15732 88045 3042 46562 ,125210,0.6372,True
1050000,1072561,41961.23,0.42700000000000005,0.268,42349 69181 79194 45770 24106 79594 88281 38442 83064 82256 21529 88097 12527 3042 46562 ,137412,0.6324,True
1050000,1073241,41954.0,0.42700000000000005,0.268,42349 79194 72138 45770 24106 79541 88255 83022 38442 82256 21529 15732 88097 3042 46562 ,480257,0.629,True
1050000,1073334,41934.0,0.42700000000000005,0.26899999999999996,42349 69181 79194 45770 24106 79594 88281 83064 82256 38448 21529 15732 88097 3042 46562 ,215081,0.6358,True
1050000,1073816,41930.0,0.426,0.26899999999999996,42349 69181 79194 45770 24106 79541 88281 83064 82256 38448 21529 88097 12527 3042 46562 ,204913,0.6374,True
1050000,1074924,41916.44,0.425,0.26899999999999996,42349 79194 72138 45770 24106 79541 88255 83022 38442 82256 21529 15732 88045 3042 46562 ,125210,0.6372,True
1050000,1075854,41914.0,0.424,0.27,42349 69181 79194 45770 24106 79594 88281 38442 83064 82256 21529 15732 88097 3042 46562 ,122762,0.6364,True
1050000,1076336,41910.0,0.424,0.27,42349 69181 79194 45770 24106 79541 88281 38442 83064 82256 21529 88097 12527 3042 46562 ,182608,0.6363,True
1050000,1077156,41873.3,0.423,0.271,42349 69181 79194 45770 24106 79594 88255 38442 83064 82256 21529 15732 88097 3042 46562 ,140013,0.6372,True
1050000,1077638,41869.0,0.42200000000000004,0.271,42349 69181 79194 45770 24106 79541 88255 38442 83064 82256 21529 88097 12527 3042 46562 ,1148087,0.6303,True
1050000,1078017,41864.67,0.42200000000000004,0.271,42349 69181 79194 45770 24106 79594 88281 83026 38442 82256 21529 15732 88097 3042 46562 ,134054,0.6363,True
1050000,1079629,41863.0,0.42,0.271,42349 69181 79194 45770 24106 79541 88281 38442 83064 82256 21529 15732 88097 3042 46562 ,192191,0.64,True
1050000,1080074,41831.0,0.42,0.272,42349 69181 79194 45770 24106 79541 83022 88281 82256 38448 21529 15732 88097 3042 46562 ,219758,0.636,True
1050000,1080931,41822.06,0.419,0.273,42349 69181 79194 45770 24106 79541 88255 38442 83064 82256 21529 15732 88097 3042 46562 ,133555,0.6352,True
1050000,1081792,41813.54,0.418,0.273,42349 69181 79194 45770 24106 79541 88281 83026 38442 82256 21529 15732 88097 3042 46562 ,134054,0.6363,True
1050000,1082594,41811.0,0.41700000000000004,0.273,42349 69181 79194 45770 24106 79541 83022 88281 38442 82256 21529 15732 88097 3042 46562 ,162909,0.6329,True
1050000,1082614,41784.69,0.41700000000000004,0.27399999999999997,42349 69181 79194 45770 24106 79541 88255 38442 83064 82256 21529 15732 88045 3042 46562 ,125210,0.6372,True
1050000,1083094,41772.49,0.41700000000000004,0.27399999999999997,42349 69181 79194 45770 24106 79541 88255 83026 38442 82256 21529 15732 88097 3042 46562 ,134054,0.6363,True
1050000,1083896,41770.0,0.41600000000000004,0.27399999999999997,42349 69181 79194 45770 24106 79541 88255 83022 38442 82256 21529 15732 88097 3042 46562 ,187109,0.6351,True
1050000,1085579,41732.25,0.414,0.276,42349 69181 79194 45770 24106 79541 88255 83022 38442 82256 21529 15732 88045 3042 46562 ,125210,0.6372,True
1050000,1088048,41688.0,0.41200000000000003,0.27699999999999997,42349 72138 73249 79299 45770 24106 79639 83064 82256 38448 21529 88097 12527 3042 46562 ,206581,0.637,True
1050000,1090568,41669.0,0.409,0.278,42349 72138 73249 79299 45770 24106 79639 38442 83064 82256 21529 88097 12527 3042 46562 ,216157,0.6353,True
1050000,1091233,41649.0,0.409,0.278,42349 72827 73249 79299 45770 24106 79594 83064 82256 38448 21529 88097 12527 3042 46562 ,3015061,0.6343,True
1050000,1091853,41648.45,0.408,0.278,42349 72138 73249 79299 45768 24106 79594 83064 82256 38448 21529 88097 12527 3042 46562 ,134878,0.6337,True
1050000,1094653,41643.0,0.405,0.27899999999999997,42349 72138 73249 79299 45770 24106 79594 83064 82256 38448 21529 88097 12527 3042 46562 ,1170379,0.6284,True
1050000,1097173,41623.21,0.40299999999999997,0.27899999999999997,42349 72138 73249 79299 45770 24106 79594 38442 83064 82256 21529 88097 12527 3042 46562 ,135263,0.6349,True
1050000,1097645,41599.0,0.402,0.28,42349 72138 79098 73249 45768 24106 79594 83064 82256 38448 21529 88097 12527 3042 46562 ,134878,0.6337,True
1050000,1097946,41595.3,0.402,0.28,42349 72138 73249 79299 45770 24106 79594 83064 82256 38448 21529 15732 88097 3042 46562 ,133555,0.6352,True
1050000,1100445,41593.07,0.4,0.28,42349 72138 79098 73249 45770 24106 79594 83064 82256 38448 21529 88097 12527 3042 46562 ,125497,0.6351,True
1050000,1100705,41586.0,0.39899999999999997,0.28,42349 69181 72138 79299 45770 24106 79639 38442 82256 21529 88097 12527 83115 3042 46562 ,1148086,0.6303,True
1050000,1101410,41583.0,0.39899999999999997,0.281,42349 69181 72827 79299 45770 24106 79639 83064 82256 38448 21529 88097 12527 3042 46562 ,217548,0.6354,True
1050000,1102030,41580.34,0.39799999999999996,0.281,42349 69181 72138 79299 45768 24106 79639 83064 82256 38448 21529 88097 12527 3042 46562 ,134878,0.6337,True
1050000,1104830,41575.0,0.395,0.281,42349 69181 72138 79299 45770 24106 79639 83064 82256 38448 21529 88097 12527 3042 46562 ,1170379,0.6284,True
1050000,1107350,41554.0,0.39299999999999996,0.282,42349 69181 72138 79299 45770 24106 79639 38442 83064 82256 21529 88097 12527 3042 46562 ,192190,0.64,True
1050000,1108015,41537.0,0.392,0.282,42349 69181 72827 79299 45770 24106 79594 83064 82256 38448 21529 88097 12527 3042 46562 ,3015061,0.6343,True
1050000,1108635,41534.13,0.391,0.282,42349 69181 72138 79299 45768 24106 79594 83064 82256 38448 21529 88097 12527 3042 46562 ,134878,0.6337,True
1050000,1111435,41528.33,0.389,0.282,42349 69181 72138 79299 45770 24106 79594 83064 82256 38448 21529 88097 12527 3042 46562 ,137411,0.6324,True
1050000,1113955,41508.0,0.386,0.28300000000000003,42349 69181 72138 79299 45770 24106 79594 38442 83064 82256 21529 88097 12527 3042 46562 ,192190,0.64,True
1050000,1114427,41484.0,0.386,0.284,42349 69181 72138 79098 45768 24106 79594 83064 82256 38448 21529 88097 12527 3042 46562 ,202835,0.637,True
1050000,1114728,41481.0,0.385,0.284,42349 69181 72138 79299 45770 24106 79594 83064 82256 38448 21529 15732 88097 3042 46562 ,1192539,0.6277,True
1050000,1117227,41478.11,0.38299999999999995,0.284,42349 69181 72138 79098 45770 24106 79594 83064 82256 38448 21529 88097 12527 3042 46562 ,125497,0.6351,True
1050000,1117248,41460.0,0.38299999999999995,0.285,42349 69181 72138 79299 45770 24106 79594 38442 83064 82256 21529 15732 88097 3042 46562 ,215080,0.6358,True
1050000,1119747,41458.0,0.38,0.285,42349 69181 72138 79098 45770 24106 79594 38442 83064 82256 21529 88097 12527 3042 46562 ,192190,0.64,True
1050000,1120520,41431.0,0.379,0.28600000000000003,42349 69181 72138 79098 45770 24106 79594 83064 82256 38448 21529 15732 88097 3042 46562 ,205091,0.6332,True
1050000,1120735,41427.0,0.379,0.28600000000000003,42349 69181 72138 79108 45770 24106 79594 38442 83064 82256 21529 88097 12527 3042 46562 ,622188,0.6343,True
1050000,1121002,41424.0,0.379,0.28600000000000003,42349 69181 72138 79098 45770 24106 79541 83064 82256 38448 21529 88097 12527 3042 46562 ,186007,0.629,True
1050000,1121822,41423.28,0.37799999999999995,0.28600000000000003,42349 69181 79194 72138 45770 24106 79594 83064 82256 38448 21529 88097 12527 3042 46562 ,122761,0.6364,True
1050000,1123040,41410.06,0.377,0.28600000000000003,42349 69181 72138 79098 45770 24106 79594 38442 83064 82256 21529 15732 88097 3042 46562 ,136776,0.6245,True
1050000,1123522,41403.25,0.376,0.287,42349 69181 72138 79098 45770 24106 79541 38442 83064 82256 21529 88097 12527 3042 46562 ,134356,0.6328,True
1050000,1124342,41403.0,0.376,0.287,42349 69181 79194 72138 45770 24106 79594 38442 83064 82256 21529 88097 12527 3042 46562 ,185120,0.6394,True
1050000,1125115,41376.0,0.375,0.287,42349 69181 79194 72138 45770 24106 79594 83064 82256 38448 21529 15732 88097 3042 46562 ,215080,0.6358,True
1050000,1126458,41370.0,0.374,0.28800000000000003,42349 69181 72138 79299 45770 24106 79594 88287 38442 83064 82256 21529 12527 3042 46562 ,238169,0.6288,True
1050000,1126815,41356.0,0.373,0.28800000000000003,42349 69181 72138 79098 45770 24106 79541 38442 83064 82256 21529 15732 88097 3042 46562 ,191735,0.6361,True
1050000,1127635,41355.22,0.37200000000000005,0.28800000000000003,42349 69181 79194 72138 45770 24106 79594 38442 83064 82256 21529 15732 88097 3042 46562 ,134845,0.6338,True
1050000,1128117,41348.4,0.37200000000000005,0.28800000000000003,42349 69181 79194 72138 45770 24106 79541 38442 83064 82256 21529 88097 12527 3042 46562 ,131510,0.6367,True
1050000,1129730,41340.0,0.37,0.289,42349 69181 72138 79098 45770 24106 79594 88287 83064 82256 38448 21529 12527 3042 46562 ,176079,0.6359,True
1050000,1129751,41323.0,0.37,0.289,42349 69181 72138 79299 45770 24106 79594 88287 38442 83064 82256 21529 15732 3042 46562 ,187402,0.6277,True
1050000,1132250,41319.13,0.368,0.289,42349 69181 72138 79098 45770 24106 79594 88287 38442 83064 82256 21529 12527 3042 46562 ,175481,0.6329,True
1050000,1133023,41292.06,0.36700000000000005,0.29,42349 69181 72138 79098 45770 24106 79594 88287 83064 82256 38448 21529 15732 3042 46562 ,136776,0.6245,True
1050000,1133238,41288.0,0.36700000000000005,0.29,42349 69181 72138 79108 45770 24106 79594 88287 38442 83064 82256 21529 12527 3042 46562 ,622188,0.6343,True
1050000,1133505,41285.0,0.366,0.29100000000000004,42349 69181 72138 79098 45770 24106 79541 88287 83064 82256 38448 21529 12527 3042 46562 ,215346,0.6346,True
1050000,1134325,41284.0,0.366,0.29100000000000004,42349 69181 79194 72138 45770 24106 79594 88287 83064 82256 38448 21529 12527 3042 46562 ,182772,0.6309,True
1050000,1135543,41272.0,0.364,0.29100000000000004,42349 69181 72138 79098 45770 24106 79594 88287 38442 83064 82256 21529 15732 3042 46562 ,159552,0.6338,True
1050000,1136025,41264.25,0.364,0.29100000000000004,42349 69181 72138 79098 45770 24106 79541 88287 38442 83064 82256 21529 12527 3042 46562 ,134356,0.6328,True
1050000,1136845,41263.49,0.363,0.29100000000000004,42349 69181 79194 72138 45770 24106 79594 88287 38442 83064 82256 21529 12527 3042 46562 ,122761,0.6364,True
1050000,1137618,41236.42,0.36200000000000004,0.292,42349 69181 79194 72138 45770 24106 79594 88287 83064 82256 38448 21529 15732 3042 46562 ,135322,0.6356,True
1050000,1138100,41229.06,0.36200000000000004,0.292,42349 69181 79194 72138 45770 24106 79541 88287 83064 82256 38448 21529 12527 3042 46562 ,137033,0.6296,True
1050000,1139318,41217.0,0.361,0.293,42349 69181 72138 79098 45770 24106 79541 88287 38442 83064 82256 21529 15732 3042 46562 ,192190,0.64,True
1050000,1140138,41216.0,0.36,0.293,42349 69181 79194 72138 45770 24106 79594 88287 38442 83064 82256 21529 15732 3042 46562 ,188008,0.6353,True
1050000,1140620,41209.0,0.359,0.293,42349 69181 79194 72138 45770 24106 79541 88287 38442 83064 82256 21529 12527 3042 46562 ,182607,0.6363,True
1050000,1141393,41182.0,0.359,0.294,42349 69181 79194 72138 45770 24106 79541 88287 83064 82256 38448 21529 15732 3042 46562 ,186007,0.629,True
1050000,1141481,41165.0,0.359,0.294,42349 69181 72138 79098 45770 24106 79541 88287 83026 38442 82256 21529 15732 3042 46562 ,211777,0.6357,True
1050000,1142283,41162.0,0.358,0.295,42349 69181 72138 79098 45770 24106 79541 88287 83022 38442 82256 21529 15732 3042 46562 ,216156,0.6353,True
1050000,1143913,41161.08,0.35600000000000004,0.295,42349 69181 79194 72138 45770 24106 79541 88287 38442 83064 82256 21529 15732 3042 46562 ,139998,0.6266,True
1050000,1144358,41126.16,0.35600000000000004,0.29600000000000004,42349 69181 79194 72138 45770 24106 79541 88287 83022 82256 38448 21529 15732 3042 46562 ,137033,0.6296,True
1050000,1146878,41106.0,0.353,0.29600000000000004,42349 69181 79194 72138 45770 24106 79541 88287 83022 38442 82256 21529 15732 3042 46562 ,191735,0.6361,True
1050000,1149412,41015.02,0.35100000000000003,0.299,42349 69181 79194 72138 45770 24106 79541 88287 83022 38442 82256 21529 15732 52382 3042 ,139998,0.6266,True
1050000,1150022,40923.15,0.35,0.303,42349 69181 79194 72138 45770 24106 79594 59077 38442 83064 82256 21529 88097 12527 3042 ,135262,0.6349,True
1050000,1150710,40908.98,0.349,0.303,42349 69181 79194 72138 45770 24106 79541 88287 32584 83064 82256 21529 15732 3042 46562 ,133554,0.6352,True
1050000,1151141,40897.07,0.349,0.303,42349 69181 72138 79098 45770 24106 59199 79594 38442 83064 82256 21529 15732 88097 3042 ,136775,0.6245,True
1050000,1151623,40890.0,0.348,0.304,42349 69181 72138 79098 45770 24106 79541 59199 38442 83064 82256 21529 88097 12527 3042 ,211777,0.6357,True
1050000,1152443,40889.42,0.348,0.304,42349 69181 79194 72138 45770 24106 59199 79594 38442 83064 82256 21529 88097 12527 3042 ,122761,0.6364,True
1050000,1152495,40876.49,0.348,0.304,42349 69181 72138 79098 45770 24106 79541 59077 38442 83064 82256 21529 15732 88097 3042 ,134356,0.6328,True
1050000,1153315,40876.0,0.34700000000000003,0.304,42349 69181 79194 72138 45770 24106 79594 59077 38442 83064 82256 21529 15732 88097 3042 ,188007,0.6353,True
1050000,1153797,40869.0,0.34600000000000003,0.304,42349 69181 79194 72138 45770 24106 79541 59077 38442 83064 82256 21529 88097 12527 3042 ,206038,0.6381,True
1050000,1155410,40858.0,0.345,0.305,42349 69181 72138 79098 45770 24106 79594 59077 88287 83064 82256 38448 21529 12527 3042 ,176079,0.6359,True
1050000,1155482,40844.0,0.345,0.305,42349 69181 72138 79098 45770 24106 79594 59063 88287 83064 82256 38448 21529 12527 3042 ,205091,0.6332,True
1050000,1155736,40842.0,0.344,0.305,42349 69181 79194 72138 45770 24106 59199 79594 38442 83064 82256 21529 15732 88097 3042 ,193026,0.6174,True
1050000,1157930,40838.0,0.342,0.305,42349 69181 72138 79098 45770 24106 79594 59077 88287 38442 83064 82256 21529 12527 3042 ,185335,0.6257,True
1050000,1158002,40824.0,0.342,0.306,42349 69181 72138 79098 45770 24106 79594 59063 88287 38442 83064 82256 21529 12527 3042 ,216156,0.6353,True
1050000,1158703,40810.0,0.341,0.306,42349 69181 72138 79098 45770 24106 79594 59077 88287 83064 82256 38448 21529 15732 3042 ,188007,0.6353,True
1050000,1160351,40804.0,0.34,0.307,42349 69181 72138 79098 45770 24106 59199 79594 88287 38442 83064 82256 21529 12527 3042 ,159552,0.6338,True
1050000,1161223,40790.0,0.33899999999999997,0.307,42349 69181 72138 79098 45770 24106 79594 59077 88287 38442 83064 82256 21529 15732 3042 ,242958,0.6241,True
1050000,1161705,40783.0,0.33799999999999997,0.307,42349 69181 72138 79098 45770 24106 79541 59077 88287 38442 83064 82256 21529 12527 3042 ,1154889,0.6299,True
1050000,1162525,40782.0,0.337,0.307,42349 69181 79194 72138 45770 24106 79594 59077 88287 38442 83064 82256 21529 12527 3042 ,238168,0.6288,True
1050000,1162597,40767.61,0.337,0.308,42349 69181 79194 72138 45770 24106 79594 59063 88287 38442 83064 82256 21529 12527 3042 ,135262,0.6349,True
1050000,1163644,40756.38,0.336,0.308,42349 69181 72138 79098 45770 24106 59199 79594 88287 38442 83064 82256 21529 15732 3042 ,136775,0.6245,True
1050000,1164126,40749.0,0.336,0.308,42349 69181 72138 79098 45770 24106 79541 59199 88287 38442 83064 82256 21529 12527 3042 ,216156,0.6353,True
1050000,1164946,40748.0,0.335,0.308,42349 69181 79194 72138 45770 24106 59199 79594 88287 38442 83064 82256 21529 12527 3042 ,182772,0.6309,True
1050000,1164998,40735.28,0.335,0.309,42349 69181 72138 79098 45770 24106 79541 59077 88287 38442 83064 82256 21529 15732 3042 ,132799,0.6362,True
1050000,1165818,40734.1,0.33399999999999996,0.309,42349 69181 79194 72138 45770 24106 79594 59077 88287 38442 83064 82256 21529 15732 3042 ,139997,0.6266,True
1050000,1166300,40727.0,0.33399999999999996,0.309,42349 69181 79194 72138 45770 24106 79541 59077 88287 38442 83064 82256 21529 12527 3042 ,206038,0.6381,True
1050000,1167419,40702.0,0.33299999999999996,0.31,42349 69181 72138 79098 45770 24106 79541 59199 88287 38442 83064 82256 21529 15732 3042 ,191734,0.6361,True
1050000,1168239,40700.33,0.332,0.31,42349 69181 79194 72138 45770 24106 59199 79594 88287 38442 83064 82256 21529 15732 3042 ,137411,0.6324,True
1050000,1168721,40693.05,0.331,0.31,42349 69181 79194 72138 45770 24106 79541 59199 88287 38442 83064 82256 21529 12527 3042 ,132799,0.6362,True
1050000,1169593,40679.23,0.33,0.311,42349 69181 79194 72138 45770 24106 79541 59077 88287 38442 83064 82256 21529 15732 3042 ,134845,0.6338,True
1050000,1170384,40646.0,0.33,0.312,42349 69181 72138 79098 45770 24106 79541 59199 88287 83022 38442 82256 21529 15732 3042 ,215346,0.6346,True
1050000,1172014,40645.46,0.32799999999999996,0.312,42349 69181 79194 72138 45770 24106 79541 59199 88287 38442 83064 82256 21529 15732 3042 ,135322,0.6356,True
1050000,1172558,40623.33,0.327,0.313,42349 69181 79194 72138 45770 24106 79541 59077 88287 83022 38442 82256 21529 15732 3042 ,134813,0.6343,True
1050000,1174979,40590.0,0.325,0.314,42349 69181 79194 72138 45770 24106 79541 59199 88287 83022 38442 82256 21529 15732 3042 ,162921,0.6279,True
1050000,1176102,40535.0,0.324,0.315,42349 69181 72138 73249 79299 45770 24106 79594 88287 38442 83064 21529 12527 3042 46562 ,238168,0.6288,True
1050000,1176459,40513.49,0.324,0.316,42349 69181 72138 79098 73249 45770 24106 79541 38442 83064 21529 15732 88097 3042 46562 ,132798,0.6362,True
1050000,1177279,40513.0,0.32299999999999995,0.316,42349 69181 79194 72138 73249 45770 24106 79594 38442 83064 21529 15732 88097 3042 46562 ,192190,0.64,True
1050000,1179374,40505.0,0.321,0.316,42349 69181 72138 79098 73249 45770 24106 79594 88287 83064 38448 21529 12527 3042 46562 ,176078,0.6359,True
1050000,1179395,40487.0,0.321,0.317,42349 69181 72138 73249 79299 45770 24106 79594 88287 38442 83064 21529 15732 3042 46562 ,187402,0.6277,True
1050000,1181894,40483.0,0.318,0.317,42349 69181 72138 79098 73249 45770 24106 79594 88287 38442 83064 21529 12527 3042 46562 ,185335,0.6257,True
1050000,1182667,40457.0,0.317,0.318,42349 69181 72138 79098 73249 45770 24106 79594 88287 83064 38448 21529 15732 3042 46562 ,188007,0.6353,True
1050000,1182882,40449.17,0.317,0.318,42349 69181 72138 79108 73249 45770 24106 79594 88287 38442 83064 21529 12527 3042 46562 ,132608,0.6336,True
1050000,1183149,40448.0,0.317,0.318,42349 69181 72138 79098 73249 45770 24106 79541 88287 83064 38448 21529 12527 3042 46562 ,186006,0.629,True
1050000,1183969,40447.0,0.316,0.318,42349 69181 79194 72138 73249 45770 24106 79594 88287 83064 38448 21529 12527 3042 46562 ,204763,0.6362,True
1050000,1185187,40435.0,0.315,0.319,42349 69181 72138 79098 73249 45770 24106 79594 88287 38442 83064 21529 15732 3042 46562 ,187402,0.6277,True
1050000,1185669,40425.3,0.314,0.319,42349 69181 72138 79098 73249 45770 24106 79541 88287 38442 83064 21529 12527 3042 46562 ,134355,0.6328,True
1050000,1186489,40425.0,0.314,0.319,42349 69181 79194 72138 73249 45770 24106 79594 88287 38442 83064 21529 12527 3042 46562 ,182772,0.6309,True
1050000,1187262,40399.0,0.313,0.32,42349 69181 79194 72138 73249 45770 24106 79594 88287 83064 38448 21529 15732 3042 46562 ,242958,0.6241,True
1050000,1187744,40390.0,0.312,0.32,42349 69181 79194 72138 73249 45770 24106 79541 88287 83064 38448 21529 12527 3042 46562 ,186006,0.629,True
1050000,1188152,40380.1,0.312,0.321,42349 69181 72138 79098 73249 45770 24106 79594 88287 83022 38442 21529 15732 3042 46562 ,175480,0.6329,True
1050000,1188962,40377.07,0.311,0.321,42349 69181 72138 79098 73249 45770 24106 79541 88287 38442 83064 21529 15732 3042 46562 ,125209,0.6372,True
1050000,1189782,40376.31,0.31,0.321,42349 69181 79194 72138 73249 45770 24106 79594 88287 38442 83064 21529 15732 3042 46562 ,135319,0.6372,True
1050000,1190264,40367.08,0.31,0.321,42349 69181 79194 72138 73249 45770 24106 79541 88287 38442 83064 21529 12527 3042 46562 ,131509,0.6367,True
1050000,1191037,40341.46,0.309,0.322,42349 69181 79194 72138 73249 45770 24106 79541 88287 83064 38448 21529 15732 3042 46562 ,134845,0.6338,True
1050000,1191927,40323.0,0.308,0.32299999999999995,42349 69181 72138 79098 73249 45770 24106 79541 88287 83022 38442 21529 15732 3042 46562 ,191734,0.6361,True
1050000,1192747,40322.0,0.307,0.32299999999999995,42349 69181 79194 72138 73249 45770 24106 79594 88287 83022 38442 21529 15732 3042 46562 ,188007,0.6353,True
1050000,1193557,40319.0,0.306,0.32299999999999995,42349 69181 79194 72138 73249 45770 24106 79541 88287 38442 83064 21529 15732 3042 46562 ,192189,0.64,True
1050000,1194002,40287.0,0.306,0.324,42349 69181 79194 72138 73249 45770 24106 79541 88287 83022 38448 21529 15732 3042 46562 ,145277,0.6384,True
1050000,1195720,40267.52,0.304,0.324,42349 69181 79194 72138 73249 45770 24106 79541 88287 83026 38442 21529 15732 3042 46562 ,140012,0.6372,True
1050000,1196522,40264.15,0.303,0.325,42349 69181 79194 72138 73249 45770 24106 79541 88287 83022 38442 21529 15732 3042 46562 ,134845,0.6338,True
1050000,1196962,40199.32,0.303,0.327,42349 69181 74076 72138 79098 45770 24106 79541 88287 38442 83064 21529 12527 3042 46562 ,134355,0.6328,True
1050000,1197782,40198.32,0.302,0.327,42349 69181 74076 79194 72138 45770 24106 79594 88287 38442 83064 21529 12527 3042 46562 ,135261,0.6349,True
1050000,1198133,40175.48,0.302,0.327,42349 69181 74223 72138 79098 45770 24106 79594 88287 83022 38442 21529 15732 3042 46562 ,175480,0.6329,True
1050000,1198943,40173.0,0.301,0.32799999999999996,42349 69181 74223 72138 79098 45770 24106 79541 88287 38442 83064 21529 15732 3042 46562 ,204228,0.6368,True
1050000,1199763,40172.0,0.3,0.32799999999999996,42349 69181 74223 79194 72138 45770 24106 79594 88287 38442 83064 21529 15732 3042 46562 ,242957,0.6241,True
1050000,1200245,40162.0,0.3,0.32799999999999996,42349 69181 74223 79194 72138 45770 24106 79541 88287 38442 83064 21529 12527 3042 46562 ,1154888,0.6299,True
1050000,1200255,40151.0,0.3,0.32799999999999996,42349 69181 74076 72138 79098 45770 24106 79541 88287 38442 83064 21529 15732 3042 46562 ,191734,0.6361,True
1050000,1201075,40150.0,0.299,0.32799999999999996,42349 69181 74076 79194 72138 45770 24106 79594 88287 38442 83064 21529 15732 3042 46562 ,185120,0.6394,True
1050000,1201557,40140.0,0.298,0.32899999999999996,42349 69181 74076 79194 72138 45770 24106 79541 88287 38442 83064 21529 12527 3042 46562 ,2399750,0.6328,True
1050000,1202241,40126.0,0.298,0.32899999999999996,42349 69181 74223 79194 72138 45770 24106 79594 88287 38442 83064 82256 21529 12527 3042 ,204763,0.6362,True
1050000,1202251,40121.37,0.298,0.32899999999999996,42349 69181 74076 72138 79098 45770 24106 79594 88287 38442 83064 82256 21529 15732 3042 ,136774,0.6245,True
1050000,1202728,40116.0,0.297,0.32899999999999996,42349 69181 74223 79194 72138 45770 24106 79594 88287 83022 38442 21529 15732 3042 46562 ,215078,0.6358,True
1050000,1202733,40115.26,0.297,0.32899999999999996,42349 69181 74076 72138 79098 45770 24106 79541 88287 38442 83064 82256 21529 12527 3042 ,134355,0.6328,True
1050000,1203553,40113.27,0.29600000000000004,0.33,42349 69181 74076 79194 72138 45770 24106 79594 88287 38442 83064 82256 21529 12527 3042 ,135319,0.6372,True
1050000,1204040,40094.26,0.29600000000000004,0.33,42349 69181 74076 79194 72138 45770 24106 79594 88287 83022 38442 21529 15732 3042 46562 ,134676,0.6355,True
1050000,1204850,40092.0,0.295,0.33,42349 69181 74076 79194 72138 45770 24106 79541 88287 38442 83064 21529 15732 3042 46562 ,182771,0.6309,True
1050000,1205534,40079.0,0.294,0.331,42349 69181 74223 79194 72138 45770 24106 79594 88287 38442 83064 82256 21529 15732 3042 ,242957,0.6241,True
1050000,1205748,40075.0,0.294,0.331,42349 69181 74081 79194 72138 45770 24106 79594 88287 38442 83064 82256 21529 15732 3042 ,188007,0.6353,True
1050000,1205904,40069.06,0.294,0.331,42349 69181 74078 79194 72138 45770 24106 79594 88287 38442 83064 82256 21529 15732 3042 ,131819,0.6357,True
1050000,1206026,40068.0,0.294,0.331,42349 69181 74076 72138 79098 45770 24106 79541 88287 38442 83064 82256 21529 15732 3042 ,215345,0.6346,True
1050000,1206846,40066.0,0.293,0.331,42349 69181 74076 79194 72138 45770 24106 79594 88287 38442 83064 82256 21529 15732 3042 ,238167,0.6288,True
1050000,1207328,40060.0,0.293,0.331,42349 69181 74076 79194 72138 45770 24106 79541 88287 38442 83064 82256 21529 12527 3042 ,182606,0.6363,True
1050000,1207815,40036.0,0.292,0.332,42349 69181 74076 79194 72138 45770 24106 79541 88287 83022 38442 21529 15732 3042 46562 ,217740,0.6364,True
1050000,1209309,40025.0,0.29100000000000004,0.332,42349 69181 74223 79194 72138 45770 24106 79541 88287 38442 83064 82256 21529 15732 3042 ,204763,0.6362,True
1050000,1210621,40012.01,0.289,0.33299999999999996,42349 69181 74076 79194 72138 45770 24106 79541 88287 38442 83064 82256 21529 15732 3042 ,135934,0.6337,True
1050000,1211066,39974.03,0.289,0.33399999999999996,42349 69181 74076 79194 72138 45770 24106 79541 88287 83022 82256 38448 21529 15732 3042 ,137032,0.6296,True
1050000,1212488,39967.0,0.28800000000000003,0.33399999999999996,42349 69181 74081 79194 72138 45770 24106 79541 88287 83022 38442 82256 21529 15732 3042 ,181569,0.6356,True
1050000,1212784,39961.05,0.287,0.335,42349 69181 74076 79194 72138 45770 24106 79541 88287 83026 38442 82256 21529 15732 3042 ,134052,0.6363,True
1050000,1213586,39958.05,0.28600000000000003,0.335,42349 69181 74076 79194 72138 45770 24106 79541 88287 83022 38442 82256 21529 15732 3042 ,134844,0.6338,True
1050000,1213770,39924.0,0.28600000000000003,0.336,42349 69181 72138 79098 73249 45770 24106 79541 59199 88287 38442 83064 21529 12527 3042 ,211776,0.6357,True
1050000,1214590,39922.37,0.285,0.336,42349 69181 79194 72138 73249 45770 24106 59199 79594 88287 38442 83064 21529 12527 3042 ,122760,0.6364,True
1050000,1214642,39909.07,0.285,0.336,42349 69181 72138 79098 73249 45770 24106 79541 59077 88287 38442 83064 21529 15732 3042 ,134355,0.6328,True
1050000,1215462,39908.0,0.285,0.336,42349 69181 79194 72138 73249 45770 24106 79594 59077 88287 38442 83064 21529 15732 3042 ,188007,0.6353,True
1050000,1215944,39899.0,0.284,0.337,42349 69181 79194 72138 73249 45770 24106 79541 59077 88287 38442 83064 21529 12527 3042 ,187108,0.6351,True
1050000,1216016,39887.0,0.284,0.337,42349 69181 79194 72138 73249 45770 24106 79541 59063 88287 38442 83064 21529 12527 3042 ,206037,0.6381,True
1050000,1216253,39878.0,0.284,0.337,42349 69181 72138 79098 73249 45770 24106 59199 79594 88287 83022 38442 21529 15732 3042 ,185335,0.6257,True
1050000,1217063,39875.27,0.28300000000000003,0.337,42349 69181 72138 79098 73249 45770 24106 79541 59199 88287 38442 83064 21529 15732 3042 ,125208,0.6372,True
1050000,1217883,39874.07,0.282,0.33799999999999997,42349 69181 79194 72138 73249 45770 24106 59199 79594 88287 38442 83064 21529 15732 3042 ,135321,0.6356,True
1050000,1218365,39865.0,0.282,0.33799999999999997,42349 69181 79194 72138 73249 45770 24106 79541 59199 88287 38442 83064 21529 12527 3042 ,182771,0.6309,True
1050000,1218427,39853.0,0.282,0.33799999999999997,42349 69181 79194 72138 73249 45770 24106 79594 59077 88287 83022 38442 21529 15732 3042 ,2688220,0.6155,True
1050000,1219237,39850.0,0.281,0.33799999999999997,42349 69181 79194 72138 73249 45770 24106 79541 59077 88287 38442 83064 21529 15732 3042 ,182606,0.6363,True
1050000,1220046,39822.53,0.28,0.33899999999999997,42349 69181 79194 72138 73249 45770 24106 59199 79594 88287 83026 38442 21529 15732 3042 ,134052,0.6363,True
1050000,1220848,39819.0,0.27899999999999997,0.33899999999999997,42349 69181 79194 72138 73249 45770 24106 59199 79594 88287 83022 38442 21529 15732 3042 ,188007,0.6353,True
1050000,1221658,39817.0,0.278,0.33899999999999997,42349 69181 79194 72138 73249 45770 24106 79541 59199 88287 38442 83064 21529 15732 3042 ,191734,0.6361,True
1050000,1222202,39795.2,0.278,0.34,42349 69181 79194 72138 73249 45770 24106 79541 59077 88287 83022 38442 21529 15732 3042 ,134813,0.6343,True
1050000,1222274,39783.0,0.278,0.341,42349 69181 79194 72138 73249 45770 24106 79541 59063 88287 83022 38442 21529 15732 3042 ,184359,0.6305,True
1050000,1223821,39765.01,0.276,0.341,42349 69181 79194 72138 73249 45770 24106 79541 59199 88287 83026 38442 21529 15732 3042 ,140011,0.6372,True
1050000,1224623,39761.41,0.275,0.341,42349 69181 79194 72138 73249 45770 24106 79541 59199 88287 83022 38442 21529 15732 3042 ,135934,0.6337,True
1050000,1225275,39706.0,0.275,0.34299999999999997,42349 69181 74076 79194 72138 45770 24106 79594 59077 88287 83064 82256 21529 15732 3042 ,1588690,0.634,True
1050000,1225443,39702.0,0.275,0.34299999999999997,42349 69181 74223 79194 72138 45770 24106 79594 59077 88287 38442 83064 21529 15732 3042 ,2678821,0.6347,True
1050000,1225757,39700.0,0.27399999999999997,0.34299999999999997,42349 69181 74076 79194 72138 45770 24106 79541 59077 88287 83064 82256 21529 12527 3042 ,182771,0.6309,True
1050000,1225883,39694.18,0.27399999999999997,0.344,42349 69181 74076 79194 72138 45770 24106 59199 79594 88287 38442 83064 21529 12527 3042 ,137410,0.6324,True
1050000,1225935,39681.0,0.27399999999999997,0.344,42349 69181 74076 72138 79098 45770 24106 79541 59077 88287 38442 83064 21529 15732 3042 ,211775,0.6357,True
1050000,1226755,39680.0,0.273,0.344,42349 69181 74076 79194 72138 45770 24106 79594 59077 88287 38442 83064 21529 15732 3042 ,238167,0.6288,True
1050000,1227044,39669.47,0.273,0.344,42349 69181 74223 72138 79098 45770 24106 79541 59199 88287 38442 83064 21529 15732 3042 ,125208,0.6372,True
1050000,1227864,39668.0,0.272,0.344,42349 69181 74223 79194 72138 45770 24106 59199 79594 88287 38442 83064 21529 15732 3042 ,3740605,0.634,True
1050000,1228178,39660.0,0.272,0.345,42349 69181 74076 79194 72138 45770 24106 79541 59199 88287 83064 82256 21529 12527 3042 ,186006,0.629,True
1050000,1228346,39658.0,0.272,0.345,42349 69181 74223 79194 72138 45770 24106 79541 59199 88287 38442 83064 21529 12527 3042 ,1154887,0.6299,True
1050000,1229050,39652.0,0.271,0.345,42349 69181 74076 79194 72138 45770 24106 79541 59077 88287 83064 82256 21529 15732 3042 ,206579,0.637,True
1050000,1229176,39646.0,0.271,0.345,42349 69181 74076 79194 72138 45770 24106 59199 79594 88287 38442 83064 21529 15732 3042 ,238167,0.6288,True
1050000,1229218,39644.0,0.271,0.345,42349 69181 74223 79194 72138 45770 24106 79541 59077 88287 38442 83064 21529 15732 3042 ,2678821,0.6347,True
1050000,1229658,39636.0,0.27,0.345,42349 69181 74076 79194 72138 45770 24106 79541 59199 88287 38442 83064 21529 12527 3042 ,182606,0.6363,True
1050000,1230159,39625.0,0.27,0.34600000000000003,42349 69181 74223 79194 72138 45770 24106 79541 59199 88287 83064 82256 21529 15732 3042 ,179777,0.6358,True
1050000,1230530,39621.0,0.26899999999999996,0.34600000000000003,42349 69181 74076 79194 72138 45770 24106 79541 59077 88287 38442 83064 21529 15732 3042 ,187108,0.6351,True
1050000,1230661,39614.48,0.26899999999999996,0.34600000000000003,42349 69181 74076 79194 72138 45770 24106 59199 79594 88287 83022 82256 21529 15732 3042 ,137317,0.6353,True
1050000,1231471,39612.46,0.26899999999999996,0.34600000000000003,42349 69181 74076 79194 72138 45770 24106 79541 59199 88287 83064 82256 21529 15732 3042 ,141582,0.6339,True
1050000,1231639,39610.0,0.268,0.34600000000000003,42349 69181 74223 79194 72138 45770 24106 79541 59199 88287 38442 83064 21529 15732 3042 ,204762,0.6362,True
1050000,1232015,39599.0,0.268,0.34700000000000003,42349 69181 74076 79194 72138 45770 24106 79541 59077 88287 83022 82256 21529 15732 3042 ,219755,0.636,True
1050000,1232141,39590.0,0.268,0.34700000000000003,42349 69181 74076 79194 72138 45770 24106 59199 79594 88287 83022 38442 21529 15732 3042 ,162832,0.6321,True
1050000,1232951,39587.33,0.267,0.34700000000000003,42349 69181 74076 79194 72138 45770 24106 79541 59199 88287 38442 83064 21529 15732 3042 ,134844,0.6338,True
1050000,1233495,39565.0,0.267,0.348,42349 69181 74076 79194 72138 45770 24106 79541 59077 88287 83022 38442 21529 15732 3042 ,216326,0.6352,True
1050000,1234436,39560.1,0.266,0.348,42349 69181 74076 79194 72138 45770 24106 79541 59199 88287 83022 82256 21529 15732 3042 ,137032,0.6296,True
1050000,1234604,39554.0,0.265,0.348,42349 69181 74223 79194 72138 45770 24106 79541 59199 88287 83022 38442 21529 15732 3042 ,179777,0.6358,True
1050000,1234818,39545.0,0.265,0.349,42349 69181 74081 79194 72138 45770 24106 79541 59199 88287 83022 38442 21529 15732 3042 ,162921,0.6279,True
1050000,1235916,39531.0,0.264,0.349,42349 69181 74076 79194 72138 45770 24106 79541 59199 88287 83022 38442 21529 15732 3042 ,162908,0.6329,True
1050000,1236099,39466.0,0.264,0.35100000000000003,42349 69181 74076 72138 79098 73249 45770 24106 79594 38442 83064 21529 88097 12527 3042 ,211775,0.6357,True
1050000,1236862,39437.0,0.263,0.35200000000000004,42349 69181 74223 79194 72138 73249 45770 24106 79594 83064 38448 21529 88097 12527 3042 ,204762,0.6362,True
1050000,1236872,39436.0,0.263,0.35200000000000004,42349 69181 74076 72138 79098 73249 45770 24106 79594 83064 38448 21529 15732 88097 3042 ,205089,0.6332,True
1050000,1237354,39428.38,0.263,0.35200000000000004,42349 69181 74076 72138 79098 73249 45770 24106 79541 83064 38448 21529 88097 12527 3042 ,132797,0.6362,True
1050000,1238080,39428.0,0.262,0.35200000000000004,42349 69181 74223 72138 79098 73249 45770 24106 79594 38442 83064 21529 15732 88097 3042 ,188006,0.6353,True
1050000,1238174,39427.0,0.262,0.35200000000000004,42349 69181 74076 79194 72138 73249 45770 24106 79594 83064 38448 21529 88097 12527 3042 ,202832,0.637,True
1050000,1238562,39420.28,0.261,0.353,42349 69181 74223 72138 79098 73249 45770 24106 79541 38442 83064 21529 88097 12527 3042 ,134355,0.6328,True
1050000,1239382,39419.0,0.261,0.353,42349 69181 74223 79194 72138 73249 45770 24106 79594 38442 83064 21529 88097 12527 3042 ,176078,0.6359,True
1050000,1239392,39418.0,0.261,0.353,42349 69181 74076 72138 79098 73249 45770 24106 79594 38442 83064 21529 15732 88097 3042 ,159552,0.6338,True
1050000,1239874,39410.13,0.26,0.353,42349 69181 74076 72138 79098 73249 45770 24106 79541 38442 83064 21529 88097 12527 3042 ,125495,0.6351,True
1050000,1240694,39408.38,0.259,0.353,42349 69181 74076 79194 72138 73249 45770 24106 79594 38442 83064 21529 88097 12527 3042 ,122759,0.6364,True
1050000,1241498,39390.0,0.259,0.354,42349 69181 74223 72138 73249 79299 45770 24106 79594 88287 38442 83064 21529 12527 3042 ,4006796,0.6317,True
1050000,1242810,39380.0,0.257,0.354,42349 69181 74076 72138 73249 79299 45770 24106 79594 88287 38442 83064 21529 12527 3042 ,238166,0.6288,True
1050000,1242889,39367.0,0.257,0.354,42349 69181 74081 79194 72138 73249 45770 24106 79594 38442 83064 21529 15732 88097 3042 ,188006,0.6353,True
1050000,1243167,39362.0,0.257,0.355,42349 69181 74076 72138 79098 73249 45770 24106 79541 38442 83064 21529 15732 88097 3042 ,215344,0.6346,True
1050000,1243987,39360.08,0.256,0.355,42349 69181 74076 79194 72138 73249 45770 24106 79594 38442 83064 21529 15732 88097 3042 ,122759,0.6364,True
1050000,1244770,39354.36,0.255,0.355,42349 69181 74223 72138 79098 73249 45770 24106 79594 88287 83064 38448 21529 12527 3042 ,136773,0.6245,True
1050000,1246082,39344.15,0.254,0.355,42349 69181 74076 72138 79098 73249 45770 24106 79594 88287 83064 38448 21529 12527 3042 ,125495,0.6351,True
1050000,1247290,39336.27,0.253,0.355,42349 69181 74223 72138 79098 73249 45770 24106 79594 88287 38442 83064 21529 12527 3042 ,136773,0.6245,True
1050000,1248602,39326.04,0.251,0.35600000000000004,42349 69181 74076 72138 79098 73249 45770 24106 79594 88287 38442 83064 21529 12527 3042 ,175479,0.6329,True
1050000,1249375,39296.0,0.251,0.35700000000000004,42349 69181 74076 72138 79098 73249 45770 24106 79594 88287 83064 38448 21529 15732 3042 ,238166,0.6288,True
1050000,1249590,39294.0,0.25,0.35700000000000004,42349 69181 74076 72138 79108 73249 45770 24106 79594 88287 38442 83064 21529 12527 3042 ,622187,0.6343,True
1050000,1250583,39288.0,0.249,0.35700000000000004,42349 69181 74223 72138 79098 73249 45770 24106 79594 88287 38442 83064 21529 15732 3042 ,136773,0.6245,True
1050000,1250677,39286.0,0.249,0.35700000000000004,42349 69181 74076 79194 72138 73249 45770 24106 79594 88287 83064 38448 21529 12527 3042 ,182771,0.6309,True
1050000,1251065,39280.0,0.249,0.35700000000000004,42349 69181 74223 72138 79098 73249 45770 24106 79541 88287 38442 83064 21529 12527 3042 ,3121236,0.6249,True
1050000,1251895,39278.0,0.248,0.35700000000000004,42349 69181 74076 72138 79098 73249 45770 24106 79594 88287 38442 83064 21529 15732 3042 ,159552,0.6338,True
1050000,1252377,39270.0,0.248,0.358,42349 69181 74076 72138 79098 73249 45770 24106 79541 88287 38442 83064 21529 12527 3042 ,216154,0.6353,True
1050000,1253197,39268.0,0.247,0.358,42349 69181 74076 79194 72138 73249 45770 24106 79594 88287 38442 83064 21529 12527 3042 ,176077,0.6359,True
1050000,1253970,39238.0,0.24600000000000002,0.359,42349 69181 74076 79194 72138 73249 45770 24106 79594 88287 83064 38448 21529 15732 3042 ,242956,0.6241,True
1050000,1254358,39232.0,0.24600000000000002,0.359,42349 69181 74223 72138 79098 73249 45770 24106 79541 88287 38442 83064 21529 15732 3042 ,204227,0.6368,True
1050000,1255178,39230.0,0.245,0.359,42349 69181 74223 79194 72138 73249 45770 24106 79594 88287 38442 83064 21529 15732 3042 ,1248479,0.6305,True
1050000,1255670,39222.0,0.244,0.359,42349 69181 74076 72138 79098 73249 45770 24106 79541 88287 38442 83064 21529 15732 3042 ,192189,0.64,True
1050000,1256490,39220.0,0.244,0.359,42349 69181 74076 79194 72138 73249 45770 24106 79594 88287 38442 83064 21529 15732 3042 ,184358,0.6305,True
1050000,1256972,39212.0,0.243,0.36,42349 69181 74076 79194 72138 73249 45770 24106 79541 88287 38442 83064 21529 12527 3042 ,182606,0.6363,True
1050000,1257745,39181.42,0.242,0.361,42349 69181 74076 79194 72138 73249 45770 24106 79541 88287 83064 38448 21529 15732 3042 ,134844,0.6338,True
1050000,1258143,39177.0,0.242,0.361,42349 69181 74223 79194 72138 73249 45770 24106 79594 88287 83022 38442 21529 15732 3042 ,2724376,0.6358,True
1050000,1258953,39174.0,0.24100000000000002,0.361,42349 69181 74223 79194 72138 73249 45770 24106 79541 88287 38442 83064 21529 15732 3042 ,182771,0.6309,True
1050000,1259167,39170.0,0.24100000000000002,0.361,42349 69181 74081 79194 72138 73249 45770 24106 79541 88287 38442 83064 21529 15732 3042 ,192189,0.64,True
1050000,1259455,39166.34,0.24100000000000002,0.361,42349 69181 74076 79194 72138 73249 45770 24106 79594 88287 83022 38442 21529 15732 3042 ,123294,0.6345,True
1050000,1260265,39163.26,0.24,0.361,42349 69181 74076 79194 72138 73249 45770 24106 79541 88287 38442 83064 21529 15732 3042 ,133552,0.6352,True
1050000,1260710,39128.09,0.239,0.36200000000000004,42349 69181 74076 79194 72138 73249 45770 24106 79541 88287 83022 38448 21529 15732 3042 ,137032,0.6296,True
1050000,1261918,39120.0,0.23800000000000002,0.363,42349 69181 74223 79194 72138 73249 45770 24106 79541 88287 83022 38442 21529 15732 3042 ,179776,0.6358,True
1050000,1262132,39117.0,0.23800000000000002,0.363,42349 69181 74081 79194 72138 73249 45770 24106 79541 88287 83022 38442 21529 15732 3042 ,162921,0.6279,True
1050000,1262428,39113.0,0.23800000000000002,0.363,42349 69181 74076 79194 72138 73249 45770 24106 79541 88287 83026 38442 21529 15732 3042 ,162817,0.6372,True
1050000,1263230,39110.0,0.237,0.363,42349 69181 74076 79194 72138 73249 45770 24106 79541 88287 83022 38442 21529 15732 3042 ,162908,0.6329,True
1050000,1263287,39026.2,0.237,0.366,42349 69181 74076 79194 72138 73249 45770 24106 79594 88287 32584 83064 21529 15732 3042 ,122759,0.6364,True
1050000,1263769,39018.0,0.23600000000000002,0.366,42349 69181 74076 79194 72138 73249 45770 24106 79541 88287 32584 83064 21529 12527 3042 ,206578,0.637,True
1050000,1264940,38984.0,0.235,0.36700000000000005,42349 69181 74223 79194 72138 73249 45770 24106 79594 88287 32584 83022 21529 15732 3042 ,242956,0.6241,True
1050000,1265750,38979.84,0.23399999999999999,0.36700000000000005,42349 69181 74223 79194 72138 73249 45770 24106 79541 88287 32584 83064 21529 15732 3042 ,135321,0.6356,True
1050000,1266252,38974.0,0.23399999999999999,0.368,42349 69181 74076 79194 72138 73249 45770 24106 79594 88287 32584 83022 21529 15732 3042 ,185119,0.6394,True
1050000,1267062,38970.0,0.233,0.368,42349 69181 74076 79194 72138 73249 45770 24106 79541 88287 32584 83064 21529 15732 3042 ,182771,0.6309,True
1050000,1267227,38924.47,0.233,0.369,42349 69181 74076 79194 72138 73249 45768 24106 79541 88287 32584 83022 21529 15732 3042 ,143390,0.6363,True
1050000,1268929,38923.0,0.231,0.369,42349 69181 74081 79194 72138 73249 45770 24106 79541 88287 32584 83022 21529 15732 3042 ,181568,0.6356,True
1050000,1269225,38919.33,0.231,0.369,42349 69181 74076 79194 72138 73249 45770 24106 79541 88287 32584 83026 21529 15732 3042 ,134051,0.6363,True
1050000,1270027,38917.04,0.23,0.369,42349 69181 74076 79194 72138 73249 45770 24106 79541 88287 32584 83022 21529 15732 3042 ,134844,0.6338,True
1050000,1270324,38856.0,0.23,0.371,42349 69181 74076 72138 79098 73249 45770 24106 79594 59077 88287 83064 21529 15732 3042 ,180832,0.6282,True
1050000,1270396,38853.0,0.23,0.37200000000000005,42349 69181 74076 72138 79098 73249 45770 24106 79594 59063 88287 83064 21529 15732 3042 ,242956,0.6241,True
1050000,1270806,38847.48,0.22899999999999998,0.37200000000000005,42349 69181 74076 72138 79098 73249 45770 24106 79541 59077 88287 83064 21529 12527 3042 ,132796,0.6362,True
1050000,1271626,38846.0,0.228,0.37200000000000005,42349 69181 74076 79194 72138 73249 45770 24106 79594 59077 88287 83064 21529 12527 3042 ,1573503,0.6407,True
1050000,1271698,38843.06,0.228,0.37200000000000005,42349 69181 74076 79194 72138 73249 45770 24106 79594 59063 88287 83064 21529 12527 3042 ,137409,0.6324,True
1050000,1272735,38817.0,0.22699999999999998,0.373,42349 69181 74223 79194 72138 73249 45770 24106 59199 79594 88287 83064 21529 12527 3042 ,215077,0.6358,True
1050000,1272745,38816.44,0.22699999999999998,0.373,42349 69181 74076 72138 79098 73249 45770 24106 59199 79594 88287 83064 21529 15732 3042 ,135318,0.6372,True
1050000,1273227,38808.33,0.22699999999999998,0.373,42349 69181 74076 72138 79098 73249 45770 24106 79541 59199 88287 83064 21529 12527 3042 ,134354,0.6328,True
1050000,1273607,38807.28,0.226,0.373,42349 69181 74223 79194 72138 73249 45770 24106 79594 59077 88287 83064 21529 15732 3042 ,131818,0.6357,True
1050000,1274047,38807.03,0.226,0.373,42349 69181 74076 79194 72138 73249 45770 24106 59199 79594 88287 83064 21529 12527 3042 ,122759,0.6364,True
1050000,1274099,38799.0,0.226,0.373,42349 69181 74076 72138 79098 73249 45770 24106 79541 59077 88287 83064 21529 15732 3042 ,211774,0.6357,True
1050000,1274919,38798.0,0.225,0.373,42349 69181 74076 79194 72138 73249 45770 24106 79594 59077 88287 83064 21529 15732 3042 ,188006,0.6353,True
1050000,1274991,38794.38,0.225,0.374,42349 69181 74076 79194 72138 73249 45770 24106 79594 59063 88287 83064 21529 15732 3042 ,135260,0.6349,True
1050000,1275401,38789.0,0.225,0.374,42349 69181 74076 79194 72138 73249 45770 24106 79541 59077 88287 83064 21529 12527 3042 ,187107,0.6351,True
1050000,1275473,38786.0,0.225,0.374,42349 69181 74076 79194 72138 73249 45770 24106 79541 59063 88287 83064 21529 12527 3042 ,182770,0.6309,True
1050000,1276028,38768.1,0.22399999999999998,0.374,42349 69181 74223 79194 72138 73249 45770 24106 59199 79594 88287 83064 21529 15732 3042 ,135321,0.6356,True
1050000,1276520,38760.0,0.223,0.375,42349 69181 74076 72138 79098 73249 45770 24106 79541 59199 88287 83064 21529 15732 3042 ,193025,0.6174,True
1050000,1277340,38758.32,0.223,0.375,42349 69181 74076 79194 72138 73249 45770 24106 59199 79594 88287 83064 21529 15732 3042 ,122759,0.6364,True
1050000,1277822,38750.0,0.222,0.375,42349 69181 74076 79194 72138 73249 45770 24106 79541 59199 88287 83064 21529 12527 3042 ,219754,0.636,True
1050000,1277884,38746.0,0.222,0.375,42349 69181 74076 79194 72138 73249 45770 24106 79594 59077 88287 83022 21529 15732 3042 ,422086,0.6348,True
1050000,1277956,38743.0,0.222,0.375,42349 69181 74076 79194 72138 73249 45770 24106 79594 59063 88287 83022 21529 15732 3042 ,180240,0.6358,True
1050000,1278694,38741.0,0.221,0.375,42349 69181 74076 79194 72138 73249 45770 24106 79541 59077 88287 83064 21529 15732 3042 ,192188,0.64,True
1050000,1278766,38738.0,0.221,0.375,42349 69181 74076 79194 72138 73249 45770 24106 79541 59063 88287 83064 21529 15732 3042 ,206036,0.6381,True
1050000,1279803,38711.34,0.22,0.376,42349 69181 74223 79194 72138 73249 45770 24106 79541 59199 88287 83064 21529 15732 3042 ,135321,0.6356,True
1050000,1280305,38707.0,0.22,0.376,42349 69181 74076 79194 72138 73249 45770 24106 59199 79594 88287 83022 21529 15732 3042 ,162832,0.6321,True
1050000,1281115,38702.0,0.21899999999999997,0.377,42349 69181 74076 79194 72138 73249 45770 24106 79541 59199 88287 83064 21529 15732 3042 ,216325,0.6352,True
1050000,1281659,38689.0,0.218,0.377,42349 69181 74076 79194 72138 73249 45770 24106 79541 59077 88287 83022 21529 15732 3042 ,3835233,0.6331,True
1050000,1282768,38660.0,0.217,0.37799999999999995,42349 69181 74223 79194 72138 73249 45770 24106 79541 59199 88287 83022 21529 15732 3042 ,179776,0.6358,True
1050000,1282982,38656.0,0.217,0.37799999999999995,42349 69181 74081 79194 72138 73249 45770 24106 79541 59199 88287 83022 21529 15732 3042 ,162921,0.6279,True
1050000,1283278,38651.73,0.217,0.37799999999999995,42349 69181 74076 79194 72138 73249 45770 24106 79541 59199 88287 83026 21529 15732 3042 ,134050,0.6363,True
1050000,1284080,38650.0,0.21600000000000003,0.37799999999999995,42349 69181 74076 79194 72138 73249 45770 24106 79541 59199 88287 83022 21529 15732 3042 ,145277,0.6384,True
1050000,1284255,38182.0,0.21600000000000003,0.39399999999999996,42349 69181 74223 72138 79098 73249 63517 45770 24106 79594 38442 83064 21529 12527 3042 ,185334,0.6257,True
1050000,1285567,38159.0,0.214,0.395,42349 69181 74076 72138 79098 73249 63517 45770 24106 79594 38442 83064 21529 12527 3042 ,193024,0.6174,True
1050000,1286214,38140.1,0.214,0.395,42349 69181 74223 79194 72138 73249 45770 24106 33104 79594 59077 83064 21529 15732 3042 ,131818,0.6357,True
1050000,1286330,38137.0,0.214,0.395,42349 69181 74223 79194 72138 73249 63517 45770 24106 79594 83064 38448 21529 12527 3042 ,2544575,0.6354,True
1050000,1287548,38133.0,0.212,0.396,42349 69181 74223 72138 79098 73249 63517 45770 24106 79594 38442 83064 21529 15732 3042 ,188006,0.6353,True
1050000,1288030,38120.0,0.212,0.396,42349 69181 74223 72138 79098 73249 63517 45770 24106 79541 38442 83064 21529 12527 3042 ,1154886,0.6299,True
1050000,1288850,38117.0,0.21100000000000002,0.396,42349 69181 74223 79194 72138 73249 63517 45770 24106 79594 38442 83064 21529 12527 3042 ,215077,0.6358,True
1050000,1288860,38110.0,0.21100000000000002,0.396,42349 69181 74076 72138 79098 73249 63517 45770 24106 79594 38442 83064 21529 15732 3042 ,185334,0.6257,True
1050000,1289342,38098.0,0.21100000000000002,0.397,42349 69181 74076 72138 79098 73249 63517 45770 24106 79541 38442 83064 21529 12527 3042 ,186005,0.629,True
1050000,1290162,38094.37,0.21,0.397,42349 69181 74076 79194 72138 73249 63517 45770 24106 79594 38442 83064 21529 12527 3042 ,122758,0.6364,True
1050000,1290513,38074.0,0.209,0.39799999999999996,42349 69181 74223 72138 79098 73249 63517 45770 24106 79594 83022 38442 21529 15732 3042 ,4006795,0.6317,True
1050000,1291323,38072.0,0.209,0.39799999999999996,42349 69181 74223 72138 79098 73249 63517 45770 24106 79541 38442 83064 21529 15732 3042 ,204226,0.6368,True
1050000,1292143,38068.0,0.20800000000000002,0.39799999999999996,42349 69181 74223 79194 72138 73249 63517 45770 24106 79594 38442 83064 21529 15732 3042 ,215077,0.6358,True
1050000,1292625,38056.0,0.207,0.39799999999999996,42349 69181 74223 79194 72138 73249 63517 45770 24106 79541 38442 83064 21529 12527 3042 ,182770,0.6309,True
1050000,1292635,38049.0,0.207,0.39799999999999996,42349 69181 74076 72138 79098 73249 63517 45770 24106 79541 38442 83064 21529 15732 3042 ,215343,0.6346,True
1050000,1293455,38045.46,0.207,0.39799999999999996,42349 69181 74076 79194 72138 73249 63517 45770 24106 79594 38442 83064 21529 15732 3042 ,137409,0.6324,True
1050000,1293937,38033.1,0.20600000000000002,0.39899999999999997,42349 69181 74076 79194 72138 73249 63517 45770 24106 79541 38442 83064 21529 12527 3042 ,131507,0.6367,True
1050000,1294288,38012.0,0.20600000000000002,0.4,42349 69181 74223 72138 79098 73249 63517 45770 24106 79541 83022 38442 21529 15732 3042 ,428471,0.6322,True
1050000,1295108,38009.0,0.205,0.4,42349 69181 74223 79194 72138 73249 63517 45770 24106 79594 83022 38442 21529 15732 3042 ,3835233,0.6331,True
1050000,1295918,38007.0,0.204,0.4,42349 69181 74223 79194 72138 73249 63517 45770 24106 79541 38442 83064 21529 15732 3042 ,179776,0.6358,True
1050000,1296420,37986.14,0.204,0.4,42349 69181 74076 79194 72138 73249 63517 45770 24106 79594 83022 38442 21529 15732 3042 ,137409,0.6324,True
1050000,1297230,37984.17,0.203,0.401,42349 69181 74076 79194 72138 73249 63517 45770 24106 79541 38442 83064 21529 15732 3042 ,125207,0.6372,True
1050000,1298883,37948.0,0.201,0.402,42349 69181 74223 79194 72138 73249 63517 45770 24106 79541 83022 38442 21529 15732 3042 ,179776,0.6358,True
1050000,1299393,37930.0,0.201,0.402,42349 69181 74076 79194 72138 73249 63517 45770 24106 79541 83026 38442 21529 15732 3042 ,162816,0.6372,True
1050000,1300195,37925.0,0.2,0.40299999999999997,42349 69181 74076 79194 72138 73249 63517 45770 24106 79541 83022 38442 21529 15732 3042 ,182605,0.6363,True
1050000,1300445,37888.35,0.2,0.40399999999999997,42349 69181 74076 79194 72138 73249 63517 45770 24106 79594 88287 83064 21529 15732 3042 ,137409,0.6324,True
1050000,1300927,37881.0,0.19899999999999998,0.40399999999999997,42349 69181 74076 79194 72138 73249 63517 45770 24106 79541 88287 83064 21529 12527 3042 ,187107,0.6351,True
1050000,1301278,37850.0,0.19899999999999998,0.405,42349 69181 74223 72138 79098 73249 63517 45770 24106 79541 88287 83022 21529 15732 3042 ,179776,0.6358,True
1050000,1302098,37848.0,0.198,0.405,42349 69181 74223 79194 72138 73249 63517 45770 24106 79594 88287 83022 21529 15732 3042 ,3845936,0.6312,True
1050000,1302908,37842.28,0.19699999999999998,0.405,42349 69181 74223 79194 72138 73249 63517 45770 24106 79541 88287 83064 21529 15732 3042 ,135320,0.6356,True
1050000,1303122,37838.0,0.19699999999999998,0.405,42349 69181 74081 79194 72138 73249 63517 45770 24106 79541 88287 83064 21529 15732 3042 ,182605,0.6363,True
1050000,1303410,37837.24,0.19699999999999998,0.405,42349 69181 74076 79194 72138 73249 63517 45770 24106 79594 88287 83022 21529 15732 3042 ,123294,0.6345,True
1050000,1304220,37832.0,0.196,0.406,42349 69181 74076 79194 72138 73249 63517 45770 24106 79541 88287 83064 21529 15732 3042 ,216325,0.6352,True
1050000,1305873,37791.0,0.19399999999999998,0.40700000000000003,42349 69181 74223 79194 72138 73249 63517 45770 24106 79541 88287 83022 21529 15732 3042 ,179776,0.6358,True
1050000,1306087,37787.0,0.19399999999999998,0.40700000000000003,42349 69181 74081 79194 72138 73249 63517 45770 24106 79541 88287 83022 21529 15732 3042 ,162920,0.6279,True
1050000,1306383,37782.0,0.19399999999999998,0.40700000000000003,42349 69181 74076 79194 72138 73249 63517 45770 24106 79541 88287 83026 21529 15732 3042 ,192188,0.64,True
1050000,1307185,37781.0,0.193,0.40700000000000003,42349 69181 74076 79194 72138 73249 63517 45770 24106 79541 88287 83022 21529 15732 3042 ,145277,0.6384,True
1050000,1307279,37675.0,0.193,0.41100000000000003,42349 69181 74223 79194 72138 73249 63517 45770 24106 79594 59077 83064 21529 12527 3042 ,238165,0.6288,True
1050000,1307289,37668.0,0.193,0.41100000000000003,42349 69181 74076 72138 79098 73249 63517 45770 24106 79594 59077 83064 21529 15732 3042 ,185333,0.6257,True
1050000,1307361,37663.16,0.193,0.41100000000000003,42349 69181 74076 72138 79098 73249 63517 45770 24106 79594 59063 83064 21529 15732 3042 ,136772,0.6245,True
1050000,1307771,37655.0,0.192,0.41100000000000003,42349 69181 74076 72138 79098 73249 63517 45770 24106 79541 59077 83064 21529 12527 3042 ,211773,0.6357,True
1050000,1308591,37653.0,0.191,0.41200000000000003,42349 69181 74076 79194 72138 73249 63517 45770 24106 79594 59077 83064 21529 12527 3042 ,1170376,0.6284,True
1050000,1308663,37648.0,0.191,0.41200000000000003,42349 69181 74076 79194 72138 73249 63517 45770 24106 79594 59063 83064 21529 12527 3042 ,215076,0.6358,True
1050000,1308880,37638.3,0.191,0.41200000000000003,42349 69181 74223 72138 79098 73249 63517 45770 24106 79541 59199 83064 21529 12527 3042 ,134354,0.6328,True
1050000,1309700,37636.0,0.19,0.41200000000000003,42349 69181 74223 79194 72138 73249 63517 45770 24106 59199 79594 83064 21529 12527 3042 ,204761,0.6362,True
1050000,1309710,37628.4,0.19,0.41200000000000003,42349 69181 74076 72138 79098 73249 63517 45770 24106 59199 79594 83064 21529 15732 3042 ,136772,0.6245,True
1050000,1309752,37628.0,0.19,0.41200000000000003,42349 69181 74223 72138 79098 73249 63517 45770 24106 79541 59077 83064 21529 15732 3042 ,1101531,0.6327,True
1050000,1310572,37626.0,0.18899999999999997,0.41200000000000003,42349 69181 74223 79194 72138 73249 63517 45770 24106 79594 59077 83064 21529 15732 3042 ,494903,0.6268,True
1050000,1311012,37613.4,0.18899999999999997,0.413,42349 69181 74076 79194 72138 73249 63517 45770 24106 59199 79594 83064 21529 12527 3042 ,135318,0.6372,True
1050000,1311054,37613.0,0.18899999999999997,0.413,42349 69181 74223 79194 72138 73249 63517 45770 24106 79541 59077 83064 21529 12527 3042 ,1154885,0.6299,True
1050000,1311064,37606.0,0.18899999999999997,0.413,42349 69181 74076 72138 79098 73249 63517 45770 24106 79541 59077 83064 21529 15732 3042 ,215343,0.6346,True
1050000,1311268,37604.0,0.18899999999999997,0.413,42349 69181 74081 79194 72138 73249 63517 45770 24106 79541 59077 83064 21529 12527 3042 ,182605,0.6363,True
1050000,1311884,37603.3,0.188,0.413,42349 69181 74076 79194 72138 73249 63517 45770 24106 79594 59077 83064 21529 15732 3042 ,134843,0.6338,True
1050000,1311956,37599.0,0.188,0.413,42349 69181 74076 79194 72138 73249 63517 45770 24106 79594 59063 83064 21529 15732 3042 ,215076,0.6358,True
1050000,1312366,37591.0,0.188,0.414,42349 69181 74076 79194 72138 73249 63517 45770 24106 79541 59077 83064 21529 12527 3042 ,204909,0.6374,True
1050000,1312993,37586.0,0.187,0.414,42349 69181 74223 79194 72138 73249 63517 45770 24106 59199 79594 83064 21529 15732 3042 ,1248478,0.6305,True
1050000,1313475,37574.0,0.187,0.414,42349 69181 74223 79194 72138 73249 63517 45770 24106 79541 59199 83064 21529 12527 3042 ,182770,0.6309,True
1050000,1313537,37568.0,0.18600000000000003,0.414,42349 69181 74223 79194 72138 73249 63517 45770 24106 79594 59077 83022 21529 15732 3042 ,2947517,0.6366,True
1050000,1314305,37564.07,0.18600000000000003,0.415,42349 69181 74076 79194 72138 73249 63517 45770 24106 59199 79594 83064 21529 15732 3042 ,135320,0.6356,True
1050000,1314347,37564.0,0.18600000000000003,0.415,42349 69181 74223 79194 72138 73249 63517 45770 24106 79541 59077 83064 21529 15732 3042 ,1154885,0.6299,True
1050000,1314787,37552.0,0.185,0.415,42349 69181 74076 79194 72138 73249 63517 45770 24106 79541 59199 83064 21529 12527 3042 ,206577,0.637,True
1050000,1314849,37546.0,0.185,0.415,42349 69181 74076 79194 72138 73249 63517 45770 24106 79594 59077 83022 21529 15732 3042 ,215076,0.6358,True
1050000,1315659,37541.44,0.184,0.415,42349 69181 74076 79194 72138 73249 63517 45770 24106 79541 59077 83064 21529 15732 3042 ,134843,0.6338,True
1050000,1315731,37537.0,0.184,0.415,42349 69181 74076 79194 72138 73249 63517 45770 24106 79541 59063 83064 21529 15732 3042 ,219754,0.636,True
1050000,1315958,37529.0,0.184,0.41600000000000004,42349 69181 74223 79194 72138 73249 63517 45770 24106 59199 79594 83022 21529 15732 3042 ,3015056,0.6343,True
1050000,1316768,37525.0,0.183,0.41600000000000004,42349 69181 74223 79194 72138 73249 63517 45770 24106 79541 59199 83064 21529 15732 3042 ,191733,0.6361,True
1050000,1317270,37506.36,0.183,0.41600000000000004,42349 69181 74076 79194 72138 73249 63517 45770 24106 59199 79594 83022 21529 15732 3042 ,123294,0.6345,True
1050000,1317312,37506.0,0.183,0.41600000000000004,42349 69181 74223 79194 72138 73249 63517 45770 24106 79541 59077 83022 21529 15732 3042 ,3835233,0.6331,True
1050000,1318080,37502.22,0.182,0.41700000000000004,42349 69181 74076 79194 72138 73249 63517 45770 24106 79541 59199 83064 21529 15732 3042 ,135320,0.6356,True
1050000,1318624,37484.0,0.18100000000000002,0.41700000000000004,42349 69181 74076 79194 72138 73249 63517 45770 24106 79541 59077 83022 21529 15732 3042 ,3821670,0.6272,True
1050000,1318696,37479.0,0.18100000000000002,0.41700000000000004,42349 69181 74076 79194 72138 73249 63517 45770 24106 79541 59063 83022 21529 15732 3042 ,180239,0.6358,True
1050000,1319733,37467.0,0.18,0.418,42349 69181 74223 79194 72138 73249 63517 45770 24106 79541 59199 83022 21529 15732 3042 ,179775,0.6358,True
1050000,1319947,37458.0,0.18,0.418,42349 69181 74081 79194 72138 73249 63517 45770 24106 79541 59199 83022 21529 15732 3042 ,162920,0.6279,True
1050000,1320243,37448.26,0.18,0.418,42349 69181 74076 79194 72138 73249 63517 45770 24106 79541 59199 83026 21529 15732 3042 ,131507,0.6367,True
1050000,1321045,37444.38,0.179,0.419,42349 69181 74076 79194 72138 73249 63517 45770 24106 79541 59199 83022 21529 15732 3042 ,124345,0.6348,True
1050000,1321686,36921.22,0.17800000000000002,0.436,42349 69181 74223 79194 72138 73249 63517 45770 24106 73113 79541 83064 21529 15732 3042 ,125206,0.6372,True
1050000,1321900,36917.0,0.17800000000000002,0.436,42349 69181 74081 79194 72138 73249 63517 45770 24106 73113 79541 83064 21529 15732 3042 ,182605,0.6363,True
1050000,1322188,36913.37,0.17800000000000002,0.436,42349 69181 74076 79194 72138 73249 63517 45770 24106 73113 79594 83022 21529 15732 3042 ,123294,0.6345,True
1050000,1322998,36909.0,0.177,0.436,42349 69181 74076 79194 72138 73249 63517 45770 24106 73113 79541 83064 21529 15732 3042 ,204908,0.6374,True
1050000,1324651,36866.0,0.175,0.43799999999999994,42349 69181 74223 79194 72138 73249 63517 45770 24106 73113 79541 83022 21529 15732 3042 ,179775,0.6358,True
1050000,1324865,36862.0,0.175,0.43799999999999994,42349 69181 74081 79194 72138 73249 63517 45770 24106 73113 79541 83022 21529 15732 3042 ,162920,0.6279,True
1050000,1325963,36854.0,0.174,0.43799999999999994,42349 69181 74076 79194 72138 73249 63517 45770 24106 73113 79541 83022 21529 15732 3042 ,145277,0.6384,True
1050000,1326025,36108.0,0.174,0.46299999999999997,42349 69181 74223 79194 72138 73249 63517 45770 24106 59199 79594 32584 83022 15732 3042 ,242955,0.6241,True
1050000,1326835,36103.0,0.17300000000000001,0.46299999999999997,42349 69181 74223 79194 72138 73249 63517 45770 24106 79541 59199 32584 83064 15732 3042 ,191732,0.6361,True
1050000,1327049,36094.0,0.17300000000000001,0.46399999999999997,42349 69181 74081 79194 72138 73249 63517 45770 24106 79541 59199 32584 83064 15732 3042 ,182605,0.6363,True
1050000,1327379,36086.0,0.17300000000000001,0.46399999999999997,42349 69181 74223 79194 72138 73249 63517 45770 24106 79541 59077 32584 83022 15732 3042 ,2724372,0.6358,True
1050000,1328147,36081.0,0.172,0.46399999999999997,42349 69181 74076 79194 72138 73249 63517 45770 24106 79541 59199 32584 83064 15732 3042 ,186004,0.629,True
1050000,1328691,36063.0,0.171,0.465,42349 69181 74076 79194 72138 73249 63517 45770 24106 79541 59077 32584 83022 15732 3042 ,1150644,0.6257,True
1050000,1328956,36048.07,0.171,0.465,42349 69181 74076 79194 72138 73249 63517 45770 24106 79541 59063 88287 83022 15732 3042 ,134049,0.6363,True
1050000,1329800,36046.0,0.17,0.465,42349 69181 74223 79194 72138 73249 63517 45770 24106 79541 59199 32584 83022 15732 3042 ,2724372,0.6358,True
1050000,1331112,36024.0,0.16899999999999998,0.466,42349 69181 74076 79194 72138 73249 63517 45770 24106 79541 59199 32584 83022 15732 3042 ,191732,0.6361,True
1050000,1331305,35997.04,0.16899999999999998,0.467,42349 69181 74076 79194 72138 73249 63517 45770 24106 79541 59199 88287 83022 15732 3042 ,138016,0.6303,True
1050000,1331458,35850.0,0.16899999999999998,0.47200000000000003,42349 69181 74076 79194 72138 73249 63517 45770 24106 33104 79594 59077 83064 12527 3042 ,202830,0.637,True
1050000,1331530,35845.42,0.168,0.47200000000000003,42349 69181 74076 79194 72138 73249 63517 45770 24106 33104 79594 59063 83064 12527 3042 ,135258,0.6349,True
1050000,1331747,35832.0,0.168,0.47200000000000003,42349 69181 74223 72138 79098 73249 63517 45770 24106 79541 59199 33104 83064 12527 3042 ,215342,0.6346,True
1050000,1332567,35830.0,0.16699999999999998,0.47200000000000003,42349 69181 74223 79194 72138 73249 63517 45770 24106 59199 33104 79594 83064 12527 3042 ,204760,0.6362,True
1050000,1332619,35824.0,0.16699999999999998,0.473,42349 69181 74223 72138 79098 73249 63517 45770 24106 79541 33104 59077 83064 15732 3042 ,179775,0.6358,True
1050000,1333439,35821.0,0.16699999999999998,0.473,42349 69181 74223 79194 72138 73249 63517 45770 24106 33104 79594 59077 83064 15732 3042 ,494903,0.6268,True
1050000,1333511,35816.0,0.166,0.473,42349 69181 74223 79194 72138 73249 63517 45770 24106 33104 79594 59063 83064 15732 3042 ,3824339,0.6376,True
1050000,1333921,35811.0,0.166,0.473,42349 69181 74223 79194 72138 73249 63517 45770 24106 79541 33104 59077 83064 12527 3042 ,206577,0.637,True
1050000,1333931,35801.31,0.166,0.473,42349 69181 74076 72138 79098 73249 63517 45770 24106 79541 33104 59077 83064 15732 3042 ,132795,0.6362,True
1050000,1334751,35799.05,0.165,0.473,42349 69181 74076 79194 72138 73249 63517 45770 24106 33104 79594 59077 83064 15732 3042 ,133550,0.6352,True
1050000,1334823,35794.14,0.165,0.474,42349 69181 74076 79194 72138 73249 63517 45770 24106 33104 79594 59063 83064 15732 3042 ,135258,0.6349,True
1050000,1335233,35788.0,0.165,0.474,42349 69181 74076 79194 72138 73249 63517 45770 24106 79541 33104 59077 83064 12527 3042 ,204908,0.6374,True
1050000,1335305,35783.0,0.165,0.474,42349 69181 74076 79194 72138 73249 63517 45770 24106 79541 33104 59063 83064 12527 3042 ,206034,0.6381,True
1050000,1335860,35779.0,0.16399999999999998,0.474,42349 69181 74223 79194 72138 73249 63517 45770 24106 59199 33104 79594 83064 15732 3042 ,3824339,0.6376,True
1050000,1336342,35768.0,0.16399999999999998,0.474,42349 69181 74223 79194 72138 73249 63517 45770 24106 79541 59199 33104 83064 12527 3042 ,204760,0.6362,True
1050000,1336404,35765.0,0.16399999999999998,0.475,42349 69181 74223 79194 72138 73249 63517 45770 24106 33104 79594 59077 83022 15732 3042 ,3835232,0.6331,True
1050000,1337214,35759.0,0.163,0.475,42349 69181 74223 79194 72138 73249 63517 45770 24106 79541 33104 59077 83064 15732 3042 ,179775,0.6358,True
1050000,1337654,35746.0,0.162,0.475,42349 69181 74076 79194 72138 73249 63517 45770 24106 79541 59199 33104 83064 12527 3042 ,185118,0.6394,True
1050000,1337716,35742.0,0.162,0.475,42349 69181 74076 79194 72138 73249 63517 45770 24106 33104 79594 59077 83022 15732 3042 ,1523664,0.6347,True
1050000,1337788,35737.34,0.162,0.475,42349 69181 74076 79194 72138 73249 63517 45770 24106 33104 79594 59063 83022 15732 3042 ,122757,0.6364,True
1050000,1338526,35737.0,0.161,0.475,42349 69181 74076 79194 72138 73249 63517 45770 24106 79541 33104 59077 83064 15732 3042 ,187106,0.6351,True
1050000,1338598,35732.0,0.161,0.47600000000000003,42349 69181 74076 79194 72138 73249 63517 45770 24106 79541 33104 59063 83064 15732 3042 ,182769,0.6309,True
1050000,1338825,35722.0,0.161,0.47600000000000003,42349 69181 74223 79194 72138 73249 63517 45770 24106 59199 33104 79594 83022 15732 3042 ,3740601,0.634,True
1050000,1339635,35717.0,0.16,0.47600000000000003,42349 69181 74223 79194 72138 73249 63517 45770 24106 79541 59199 33104 83064 15732 3042 ,204760,0.6362,True
1050000,1339849,35707.0,0.16,0.47600000000000003,42349 69181 74081 79194 72138 73249 63517 45770 24106 79541 59199 33104 83064 15732 3042 ,182604,0.6363,True
1050000,1340179,35703.0,0.16,0.47700000000000004,42349 69181 74223 79194 72138 73249 63517 45770 24106 79541 33104 59077 83022 15732 3042 ,2947516,0.6366,True
1050000,1340947,35694.23,0.159,0.47700000000000004,42349 69181 74076 79194 72138 73249 63517 45770 24106 79541 59199 33104 83064 15732 3042 ,134843,0.6338,True
1050000,1341491,35680.0,0.159,0.47700000000000004,42349 69181 74076 79194 72138 73249 63517 45770 24106 79541 33104 59077 83022 15732 3042 ,206576,0.637,True
1050000,1342600,35660.0,0.157,0.478,42349 69181 74223 79194 72138 73249 63517 45770 24106 79541 59199 33104 83022 15732 3042 ,179775,0.6358,True
1050000,1342814,35651.0,0.157,0.478,42349 69181 74081 79194 72138 73249 63517 45770 24106 79541 59199 33104 83022 15732 3042 ,162920,0.6279,True
1050000,1343110,35640.67,0.157,0.479,42349 69181 74076 79194 72138 73249 63517 45770 24106 79541 59199 33104 83026 15732 3042 ,134049,0.6363,True
1050000,1343912,35637.4,0.156,0.479,42349 69181 74076 79194 72138 73249 63517 45770 24106 79541 59199 33104 83022 15732 3042 ,138016,0.6303,True
1050000,1343932,35313.0,0.156,0.49,42349 69181 74076 79194 72138 73249 63517 45770 24106 79541 59199 33104 83022 21529 3042 ,162908,0.6329,True
1050000,1343959,35189.0,0.156,0.494,42349 69181 74076 79194 72138 73249 63517 45770 24106 73113 79594 59063 83022 15732 3042 ,217737,0.6364,True
1050000,1344769,35183.32,0.155,0.494,42349 69181 74076 79194 72138 73249 63517 45770 24106 73113 79541 59063 83064 15732 3042 ,125206,0.6372,True
1050000,1345806,35144.0,0.154,0.495,42349 69181 74223 79194 72138 73249 63517 45770 24106 73113 79541 59199 83064 15732 3042 ,216324,0.6352,True
1050000,1346308,35139.2,0.154,0.495,42349 69181 74076 79194 72138 73249 63517 45770 24106 73113 59199 79594 83022 15732 3042 ,123293,0.6345,True
1050000,1347118,35133.04,0.153,0.496,42349 69181 74076 79194 72138 73249 63517 45770 24106 73113 79541 59199 83064 15732 3042 ,138015,0.6303,True
1050000,1347734,35130.0,0.152,0.496,42349 69181 74076 79194 72138 73249 63517 45770 24106 73113 79541 59063 83022 15732 3042 ,1573501,0.6407,True
1050000,1348771,35091.0,0.151,0.49700000000000005,42349 69181 74223 79194 72138 73249 63517 45770 24106 73113 79541 59199 83022 15732 3042 ,179775,0.6358,True
1050000,1348985,35086.0,0.151,0.49700000000000005,42349 69181 74081 79194 72138 73249 63517 45770 24106 73113 79541 59199 83022 15732 3042 ,162920,0.6279,True
1050000,1349281,35081.3,0.151,0.49700000000000005,42349 69181 74076 79194 72138 73249 63517 45770 24106 73113 79541 59199 83026 15732 3042 ,134049,0.6363,True
1050000,1350083,35079.31,0.15,0.49700000000000005,42349 69181 74076 79194 72138 73249 63517 45770 24106 73113 79541 59199 83022 15732 3042 ,141581,0.6339,True
1050000,1350103,34916.47,0.15,0.503,42349 69181 74076 79194 72138 73249 63517 45770 24106 73113 79541 59199 83022 21529 3042 ,134842,0.6338,True
1050000,1350246,34763.14,0.15,0.508,42349 69181 74076 79194 72138 73249 63517 45770 24106 73113 79541 59199 83022 21529 12527 ,134049,0.6363,True
1050000,1350574,34762.46,0.149,0.508,42349 69181 74076 79194 72138 73249 63517 45770 24106 73113 79541 59199 83064 21529 15732 ,149825,0.6365,True
1050000,1351190,34755.0,0.149,0.508,42349 69181 74076 79194 72138 73249 63517 45770 24106 73113 79541 59063 83022 21529 15732 ,5785613,0.6296,True
1050000,1352227,34722.0,0.14800000000000002,0.509,42349 69181 74223 79194 72138 73249 63517 45770 24106 73113 79541 59199 83022 21529 15732 ,179775,0.6358,True
1050000,1352441,34717.0,0.14800000000000002,0.509,42349 69181 74081 79194 72138 73249 63517 45770 24106 73113 79541 59199 83022 21529 15732 ,162920,0.6279,True
1050000,1352737,34710.25,0.147,0.51,42349 69181 74076 79194 72138 73249 63517 45770 24106 73113 79541 59199 83026 21529 15732 ,132794,0.6362,True
1050000,1353539,34709.0,0.146,0.51,42349 69181 74076 79194 72138 73249 63517 45770 24106 73113 79541 59199 83022 21529 15732 ,145276,0.6384,True
1050000,1354152,34007.06,0.146,0.5329999999999999,42349 69181 74076 79194 72138 73249 63517 45770 24106 73113 79541 59199 88287 15732 3042 ,124345,0.6348,True
1050000,1354172,33773.0,0.146,0.541,42349 69181 74076 79194 72138 73249 63517 45770 24106 73113 79541 59199 88287 21529 3042 ,182769,0.6309,True
1050000,1354656,33766.0,0.145,0.541,42349 69181 74223 72138 79098 73249 63517 45770 24106 73113 33104 79594 59077 15732 3042 ,1588687,0.634,True
1050000,1355096,33755.0,0.145,0.542,42349 69181 74076 72138 79098 73249 63517 45770 24106 73113 59199 33104 79594 12527 3042 ,180238,0.6358,True
1050000,1355138,33753.0,0.145,0.542,42349 69181 74223 72138 79098 73249 63517 45770 24106 73113 79541 33104 59077 12527 3042 ,3121233,0.6249,True
1050000,1355958,33751.0,0.14400000000000002,0.542,42349 69181 74223 79194 72138 73249 63517 45770 24106 73113 33104 79594 59077 12527 3042 ,494903,0.6268,True
1050000,1355968,33745.0,0.14400000000000002,0.542,42349 69181 74076 72138 79098 73249 63517 45770 24106 73113 33104 79594 59077 15732 3042 ,2270313,0.6266,True
1050000,1356040,33742.16,0.14400000000000002,0.542,42349 69181 74076 72138 79098 73249 63517 45770 24106 73113 33104 79594 59063 15732 3042 ,136770,0.6245,True
1050000,1356450,33732.27,0.14400000000000002,0.542,42349 69181 74076 72138 79098 73249 63517 45770 24106 73113 79541 33104 59077 12527 3042 ,134353,0.6328,True
1050000,1357270,33730.0,0.14300000000000002,0.542,42349 69181 74076 79194 72138 73249 63517 45770 24106 73113 33104 79594 59077 12527 3042 ,242954,0.6241,True
1050000,1357342,33727.0,0.14300000000000002,0.542,42349 69181 74076 79194 72138 73249 63517 45770 24106 73113 33104 79594 59063 12527 3042 ,238164,0.6288,True
1050000,1358379,33708.0,0.142,0.5429999999999999,42349 69181 74223 79194 72138 73249 63517 45770 24106 73113 59199 33104 79594 12527 3042 ,188004,0.6353,True
1050000,1358389,33702.24,0.142,0.5429999999999999,42349 69181 74076 72138 79098 73249 63517 45770 24106 73113 59199 33104 79594 15732 3042 ,175476,0.6329,True
1050000,1358431,33701.0,0.142,0.5429999999999999,42349 69181 74223 72138 79098 73249 63517 45770 24106 73113 79541 33104 59077 15732 3042 ,3121233,0.6249,True
1050000,1359251,33699.0,0.141,0.5429999999999999,42349 69181 74223 79194 72138 73249 63517 45770 24106 73113 33104 79594 59077 15732 3042 ,1588687,0.634,True
1050000,1359691,33687.1,0.14,0.544,42349 69181 74076 79194 72138 73249 63517 45770 24106 73113 59199 33104 79594 12527 3042 ,138391,0.6365,True
1050000,1359733,33686.0,0.14,0.544,42349 69181 74223 79194 72138 73249 63517 45770 24106 73113 79541 33104 59077 12527 3042 ,1148080,0.6303,True
1050000,1359743,33680.0,0.14,0.544,42349 69181 74076 72138 79098 73249 63517 45770 24106 73113 79541 33104 59077 15732 3042 ,215341,0.6346,True
1050000,1360563,33678.0,0.139,0.544,42349 69181 74076 79194 72138 73249 63517 45770 24106 73113 33104 79594 59077 15732 3042 ,242954,0.6241,True
1050000,1360635,33675.0,0.139,0.544,42349 69181 74076 79194 72138 73249 63517 45770 24106 73113 33104 79594 59063 15732 3042 ,217737,0.6364,True
1050000,1361045,33665.0,0.139,0.545,42349 69181 74076 79194 72138 73249 63517 45770 24106 73113 79541 33104 59077 12527 3042 ,187106,0.6351,True
1050000,1361117,33662.0,0.139,0.545,42349 69181 74076 79194 72138 73249 63517 45770 24106 73113 79541 33104 59063 12527 3042 ,182769,0.6309,True
1050000,1361672,33656.0,0.138,0.545,42349 69181 74223 79194 72138 73249 63517 45770 24106 73113 59199 33104 79594 15732 3042 ,204759,0.6362,True
1050000,1362164,33637.0,0.138,0.545,42349 69181 74076 72138 79098 73249 63517 45770 24106 73113 79541 59199 33104 15732 3042 ,191732,0.6361,True
1050000,1362984,33635.0,0.13699999999999998,0.546,42349 69181 74076 79194 72138 73249 63517 45770 24106 73113 59199 33104 79594 15732 3042 ,162831,0.6321,True
1050000,1363026,33633.0,0.13699999999999998,0.546,42349 69181 74223 79194 72138 73249 63517 45770 24106 73113 79541 33104 59077 15732 3042 ,1148080,0.6303,True
1050000,1363098,33630.38,0.13699999999999998,0.546,42349 69181 74223 79194 72138 73249 63517 45770 24106 73113 79541 33104 59063 15732 3042 ,125205,0.6372,True
1050000,1363466,33622.0,0.13699999999999998,0.546,42349 69181 74076 79194 72138 73249 63517 45770 24106 73113 79541 59199 33104 12527 3042 ,186003,0.629,True
1050000,1364338,33612.29,0.136,0.546,42349 69181 74076 79194 72138 73249 63517 45770 24106 73113 79541 33104 59077 15732 3042 ,133549,0.6352,True
1050000,1364410,33609.3,0.136,0.546,42349 69181 74076 79194 72138 73249 63517 45770 24106 73113 79541 33104 59063 15732 3042 ,132794,0.6362,True
1050000,1365447,33590.0,0.135,0.547,42349 69181 74223 79194 72138 73249 63517 45770 24106 73113 79541 59199 33104 15732 3042 ,179774,0.6358,True
1050000,1365661,33581.0,0.134,0.547,42349 69181 74081 79194 72138 73249 63517 45770 24106 73113 79541 59199 33104 15732 3042 ,162920,0.6279,True
1050000,1366759,33569.4,0.133,0.5479999999999999,42349 69181 74076 79194 72138 73249 63517 45770 24106 73113 79541 59199 33104 15732 3042 ,138015,0.6303,True
1050000,1366779,33163.0,0.133,0.561,42349 69181 74076 79194 72138 73249 63517 45770 24106 73113 79541 59199 33104 21529 3042 ,145276,0.6384,True
1050000,1366846,32947.38,0.133,0.568,42349 69181 74076 79194 72138 73249 63517 45770 24106 73113 33104 79594 59063 83022 3042 ,138391,0.6365,True
1050000,1367656,32939.0,0.132,0.569,42349 69181 74076 79194 72138 73249 63517 45770 24106 73113 79541 33104 59063 83064 3042 ,182769,0.6309,True
1050000,1368693,32901.0,0.131,0.57,42349 69181 74223 79194 72138 73249 63517 45770 24106 73113 79541 59199 33104 83064 3042 ,204759,0.6362,True
1050000,1369195,32897.0,0.131,0.57,42349 69181 74076 79194 72138 73249 63517 45770 24106 73113 59199 33104 79594 83022 3042 ,188004,0.6353,True
1050000,1370005,32888.15,0.13,0.57,42349 69181 74076 79194 72138 73249 63517 45770 24106 73113 79541 59199 33104 83064 3042 ,125205,0.6372,True
1050000,1370621,32886.23,0.129,0.57,42349 69181 74076 79194 72138 73249 63517 45770 24106 73113 79541 33104 59063 83022 3042 ,134048,0.6363,True
1050000,1371658,32848.0,0.128,0.5720000000000001,42349 69181 74223 79194 72138 73249 63517 45770 24106 73113 79541 59199 33104 83022 3042 ,179774,0.6358,True
1050000,1372168,32837.0,0.128,0.5720000000000001,42349 69181 74076 79194 72138 73249 63517 45770 24106 73113 79541 59199 33104 83026 3042 ,184356,0.6305,True
1050000,1372970,32836.0,0.127,0.5720000000000001,42349 69181 74076 79194 72138 73249 63517 45770 24106 73113 79541 59199 33104 83022 3042 ,182769,0.6309,True
1050000,1373113,32717.3,0.127,0.5760000000000001,42349 69181 74076 79194 72138 73249 63517 45770 24106 73113 79541 59199 33104 83022 12527 ,124345,0.6348,True
1050000,1373441,32713.63,0.127,0.5760000000000001,42349 69181 74076 79194 72138 73249 63517 45770 24106 73113 79541 59199 33104 83064 15732 ,125205,0.6372,True
1050000,1374057,32710.31,0.126,0.5760000000000001,42349 69181 74076 79194 72138 73249 63517 45770 24106 73113 79541 33104 59063 83022 15732 ,134809,0.6343,True
1050000,1375094,32674.0,0.125,0.578,42349 69181 74223 79194 72138 73249 63517 45770 24106 73113 79541 59199 33104 83022 15732 ,179774,0.6358,True
1050000,1375308,32668.0,0.125,0.578,42349 69181 74081 79194 72138 73249 63517 45770 24106 73113 79541 59199 33104 83022 15732 ,162920,0.6279,True
1050000,1375604,32662.0,0.124,0.578,42349 69181 74076 79194 72138 73249 63517 45770 24106 73113 79541 59199 33104 83026 15732 ,162815,0.6372,True
1050000,1376406,32661.17,0.124,0.578,42349 69181 74076 79194 72138 73249 63517 45770 24106 73113 79541 59199 33104 83022 15732 ,138015,0.6303,True
1050000,1376426,32134.17,0.124,0.596,42349 69181 74076 79194 72138 73249 63517 45770 24106 73113 79541 59199 33104 83022 21529 ,124345,0.6348,True
1050000,1377039,31644.09,0.12300000000000001,0.612,42349 69181 74076 79194 72138 73249 63517 45770 24106 73113 79541 59199 33104 88287 3042 ,134841,0.6338,True
1050000,1377110,31550.31,0.12300000000000001,0.615,42349 69181 74076 79194 72138 73249 63517 45770 24106 73113 79541 59199 73663 83022 15732 ,141581,0.6339,True
1050000,1377182,31502.41,0.12300000000000001,0.617,42349 69181 74076 79194 72138 73249 63517 45770 24106 73113 79541 59199 33104 88287 12527 ,124345,0.6348,True
1050000,1378126,31497.44,0.122,0.617,42349 69181 74076 79194 72138 73249 63517 45770 24106 73113 79541 33104 59063 88287 15732 ,125204,0.6372,True
1050000,1379163,31455.0,0.121,0.618,42349 69181 74223 79194 72138 73249 63517 45770 24106 73113 79541 59199 33104 88287 15732 ,179774,0.6358,True
1050000,1380475,31445.35,0.12,0.618,42349 69181 74076 79194 72138 73249 63517 45770 24106 73113 79541 59199 33104 88287 15732 ,138015,0.6303,True
1050000,1380506,31126.1,0.11900000000000001,0.629,42349 69181 74076 72138 79098 73249 63517 45770 24106 73113 79541 59199 33104 33397 3042 ,125066,0.6303,True
1050000,1381326,31125.0,0.11900000000000001,0.629,42349 69181 74076 79194 72138 73249 63517 45770 24106 73113 59199 33104 79594 33397 3042 ,161994,0.6326,True
1050000,1381368,31122.0,0.11900000000000001,0.629,42349 69181 74223 79194 72138 73249 63517 45770 24106 73113 79541 33104 59077 33397 3042 ,206575,0.637,True
1050000,1381440,31119.0,0.11900000000000001,0.629,42349 69181 74223 79194 72138 73249 63517 45770 24106 73113 79541 33104 59063 33397 3042 ,179774,0.6358,True
1050000,1381654,31108.0,0.11800000000000001,0.63,42349 69181 74081 79194 72138 73249 63517 45770 24106 73113 79541 33104 59063 33397 3042 ,181566,0.6356,True
1050000,1382680,31100.0,0.11699999999999999,0.63,42349 69181 74076 79194 72138 73249 63517 45770 24106 73113 79541 33104 59077 33397 3042 ,182603,0.6363,True
1050000,1382752,31097.0,0.11699999999999999,0.63,42349 69181 74076 79194 72138 73249 63517 45770 24106 73113 79541 33104 59063 33397 3042 ,219751,0.636,True
1050000,1383789,31080.0,0.11599999999999999,0.631,42349 69181 74223 79194 72138 73249 63517 45770 24106 73113 79541 59199 33104 33397 3042 ,204758,0.6362,True
1050000,1385101,31058.01,0.115,0.631,42349 69181 74076 79194 72138 73249 63517 45770 24106 73113 79541 59199 33104 33397 3042 ,141581,0.6339,True
1050000,1385244,30841.0,0.115,0.639,42349 69181 74076 79194 72138 73249 63517 45770 24106 73113 79541 59199 33104 33397 12527 ,182768,0.6309,True
1050000,1386116,30824.0,0.114,0.639,42349 69181 74076 79194 72138 73249 63517 45770 24106 73113 79541 33104 59077 33397 15732 ,5785611,0.6296,True
1050000,1387225,30806.0,0.113,0.64,42349 69181 74223 79194 72138 73249 63517 45770 24106 73113 79541 59199 33104 33397 15732 ,179774,0.6358,True
1050000,1387439,30795.22,0.113,0.64,42349 69181 74081 79194 72138 73249 63517 45770 24106 73113 79541 59199 33104 33397 15732 ,135932,0.6337,True
1050000,1388537,30783.3,0.111,0.6409999999999999,42349 69181 74076 79194 72138 73249 63517 45770 24106 73113 79541 59199 33104 33397 15732 ,134841,0.6338,True
1050000,1389038,30438.17,0.111,0.652,42349 69181 74223 79194 72138 73249 63517 45770 24106 73113 79541 59199 73663 33104 3042 ,125204,0.6372,True
1050000,1389252,30433.0,0.111,0.652,42349 69181 74081 79194 72138 73249 63517 45770 24106 73113 79541 59199 73663 33104 3042 ,182603,0.6363,True
1050000,1390350,30428.0,0.11,0.652,42349 69181 74076 79194 72138 73249 63517 45770 24106 73113 79541 59199 73663 33104 3042 ,162907,0.6329,True
1050000,1390493,30273.12,0.11,0.6579999999999999,42349 69181 74076 79194 72138 73249 63517 45770 24106 73113 79541 59199 73663 33104 12527 ,125204,0.6372,True
1050000,1391437,30267.35,0.109,0.6579999999999999,42349 69181 74076 79194 72138 73249 63517 45770 24106 73113 79541 73663 33104 59063 15732 ,131504,0.6367,True
1050000,1392474,30227.0,0.10800000000000001,0.659,42349 69181 74223 79194 72138 73249 63517 45770 24106 73113 79541 59199 73663 33104 15732 ,179774,0.6358,True
1050000,1392688,30221.04,0.107,0.659,42349 69181 74081 79194 72138 73249 63517 45770 24106 73113 79541 59199 73663 33104 15732 ,135932,0.6337,True
1050000,1393786,30216.0,0.106,0.659,42349 69181 74076 79194 72138 73249 63517 45770 24106 73113 79541 59199 73663 33104 15732 ,182768,0.6309,True
1050000,1394748,29829.46,0.105,0.672,42349 69181 74076 79194 72138 73249 63517 45770 24106 73113 79541 59199 33104 33397 83022 ,124345,0.6348,True
1050000,1395291,29097.0,0.105,0.6970000000000001,42349 69181 74223 79194 72138 73249 63517 45770 24106 73113 79541 33104 35398 59063 83022 ,206574,0.637,True
1050000,1395505,29089.0,0.10400000000000001,0.6970000000000001,42349 69181 74081 79194 72138 73249 63517 45770 24106 73113 79541 33104 35398 59063 83022 ,219751,0.636,True
1050000,1396603,29083.0,0.10300000000000001,0.6970000000000001,42349 69181 74076 79194 72138 73249 63517 45770 24106 73113 79541 33104 35398 59063 83022 ,217735,0.6364,True
1050000,1397640,29035.0,0.102,0.6990000000000001,42349 69181 74223 79194 72138 73249 63517 45770 24106 73113 79541 59199 33104 35398 83022 ,204758,0.6362,True
1050000,1397854,29028.0,0.102,0.6990000000000001,42349 69181 74081 79194 72138 73249 63517 45770 24106 73113 79541 59199 33104 35398 83022 ,124345,0.6348,True
1050000,1398952,29021.48,0.10099999999999999,0.6990000000000001,42349 69181 74076 79194 72138 73249 63517 45770 24106 73113 79541 59199 33104 35398 83022 ,134841,0.6338,True
1050000,1399997,28846.0,0.1,0.705,42349 69181 74076 79194 72138 73249 63517 45770 24106 73113 79541 59199 73663 33104 83022 ,145276,0.6384,True
1050000,1400098,27743.0,0.1,0.742,42349 69181 74076 79194 72138 73249 63517 45770 24106 73113 59199 73663 33104 79594 32584 ,182768,0.6309,True
1050000,1400212,27737.0,0.1,0.742,42349 69181 74223 79194 72138 73249 63517 45770 24106 73113 79541 73663 33104 59063 32584 ,206574,0.637,True
1050000,1400426,27730.0,0.1,0.742,42349 69181 74081 79194 72138 73249 63517 45770 24106 73113 79541 73663 33104 59063 32584 ,181566,0.6356,True
1050000,1400672,27726.29,0.099,0.742,42349 69181 74076 79194 72138 73249 63517 45770 24106 73113 79541 33104 35398 59063 88287 ,125204,0.6372,True
1050000,1401524,27725.0,0.098,0.743,42349 69181 74076 79194 72138 73249 63517 45770 24106 73113 79541 73663 33104 59063 32584 ,206032,0.6381,True
1050000,1402561,27688.0,0.09699999999999999,0.7440000000000001,42349 69181 74223 79194 72138 73249 63517 45770 24106 73113 79541 59199 73663 33104 32584 ,179773,0.6358,True
1050000,1402775,27681.03,0.09699999999999999,0.7440000000000001,42349 69181 74081 79194 72138 73249 63517 45770 24106 73113 79541 59199 73663 33104 32584 ,124344,0.6348,True
1050000,1403873,27676.03,0.096,0.7440000000000001,42349 69181 74076 79194 72138 73249 63517 45770 24106 73113 79541 59199 73663 33104 32584 ,141580,0.6339,True
1050000,1404066,27456.3,0.096,0.7509999999999999,42349 69181 74076 79194 72138 73249 63517 45770 24106 73113 79541 59199 73663 33104 88287 ,134841,0.6338,True
1050000,1404692,27362.26,0.095,0.755,42349 69181 74223 79194 72138 73249 63517 45770 24106 73113 73663 33104 79594 59063 33397 ,132487,0.6347,True
1050000,1405184,27351.43,0.095,0.755,42349 69181 74076 72138 79098 73249 63517 45770 24106 73113 79541 73663 33104 59063 33397 ,125203,0.6372,True
1050000,1406004,27350.34,0.094,0.755,42349 69181 74076 79194 72138 73249 63517 45770 24106 73113 73663 33104 79594 59063 33397 ,122755,0.6364,True
1050000,1406221,27313.0,0.094,0.7559999999999999,42349 69181 74223 72138 79098 73249 63517 45770 24106 73113 79541 59199 73663 33104 33397 ,3121231,0.6249,True
1050000,1407041,27312.0,0.09300000000000001,0.7559999999999999,42349 69181 74223 79194 72138 73249 63517 45770 24106 73113 59199 73663 33104 79594 33397 ,204758,0.6362,True
1050000,1407533,27301.07,0.092,0.757,42349 69181 74076 72138 79098 73249 63517 45770 24106 73113 79541 59199 73663 33104 33397 ,125066,0.6303,True
1050000,1408353,27300.0,0.092,0.757,42349 69181 74076 79194 72138 73249 63517 45770 24106 73113 59199 73663 33104 79594 33397 ,123292,0.6345,True
1050000,1408467,27296.0,0.092,0.757,42349 69181 74223 79194 72138 73249 63517 45770 24106 73113 79541 73663 33104 59063 33397 ,206574,0.637,True
1050000,1408681,27289.0,0.091,0.757,42349 69181 74081 79194 72138 73249 63517 45770 24106 73113 79541 73663 33104 59063 33397 ,219750,0.636,True
1050000,1409779,27284.0,0.09,0.757,42349 69181 74076 79194 72138 73249 63517 45770 24106 73113 79541 73663 33104 59063 33397 ,206032,0.6381,True
1050000,1410816,27245.0,0.08900000000000001,0.758,42349 69181 74223 79194 72138 73249 63517 45770 24106 73113 79541 59199 73663 33104 33397 ,179773,0.6358,True
1050000,1411030,27238.0,0.08900000000000001,0.759,42349 69181 74081 79194 72138 73249 63517 45770 24106 73113 79541 59199 73663 33104 33397 ,162919,0.6279,True
1050000,1412128,27233.32,0.08800000000000001,0.759,42349 69181 74076 79194 72138 73249 63517 45770 24106 73113 79541 59199 73663 33104 33397 ,124344,0.6348,True
1050000,1412671,26483.96,0.087,0.784,42349 69181 74223 79194 72138 73249 63517 45770 24106 73113 79541 73663 33104 35398 59063 ,125203,0.6372,True
1050000,1412885,26477.0,0.087,0.784,42349 69181 74081 79194 72138 73249 63517 45770 24106 73113 79541 73663 33104 35398 59063 ,219750,0.636,True
1050000,1413983,26472.1,0.086,0.784,42349 69181 74076 79194 72138 73249 63517 45770 24106 73113 79541 73663 33104 35398 59063 ,134807,0.6343,True
1050000,1415020,26420.0,0.085,0.7859999999999999,42349 69181 74223 79194 72138 73249 63517 45770 24106 73113 79541 59199 73663 33104 35398 ,204757,0.6362,True
1050000,1416332,26408.34,0.084,0.7859999999999999,42349 69181 74076 79194 72138 73249 63517 45770 24106 73113 79541 59199 73663 33104 35398 ,134840,0.6338,True
1050000,1416948,26194.0,0.083,0.794,42349 69181 74076 79194 72138 73249 63517 45770 24106 73113 79541 59199 73663 63743 33104 ,145275,0.6384,True
